txid,block_height,block_hash,block_time_utc,input_count,input_value_sats,output_count,cluster_output_value_sats,fee_sats,fee_rate,input_script_types,output_script_types,destination_or_intermediate_address,classification,confidence,classification_reason,source
04c5f379418d24b04c19255927a118d328f7b05c9a1b3b1145d6c3898306ea77,960188,0000000000000000000186e53ea105d0d9b8453d14666b2bee16b68510544fe4,2026-07-30T01:36:08+00:00,1,311197540,1,311194240,3300,30.206,v0_p2wpkh,v0_p2wpkh,bc1qnk4zh9qcnap2mycp56qjrgza3cc8ylrh8fecp0,sweep-funding-tx,high,Pays bc1qnk4zh9qcnap2mycp56qjrgza3cc8ylrh8fecp0 (the sole address that directly funded the named consolidation address bc1qq85v2c926eg6pgxhwp6q7lf6cnsz80qs3fcu9r within the target block range) and is itself confirmed inside that same block range.,"tools/onchain/trace_cluster.py (mempool.space API, live query)"
0808e90ee79112d04acf74d62611238d9f209d215143c6b425aa291e42f3e55f,960188,0000000000000000000186e53ea105d0d9b8453d14666b2bee16b68510544fe4,2026-07-30T01:36:08+00:00,1,264466008,1,264462708,3300,30.137,v0_p2wpkh,v0_p2wpkh,bc1qnk4zh9qcnap2mycp56qjrgza3cc8ylrh8fecp0,sweep-funding-tx,high,Pays bc1qnk4zh9qcnap2mycp56qjrgza3cc8ylrh8fecp0 (the sole address that directly funded the named consolidation address bc1qq85v2c926eg6pgxhwp6q7lf6cnsz80qs3fcu9r within the target block range) and is itself confirmed inside that same block range.,"tools/onchain/trace_cluster.py (mempool.space API, live query)"
08a64f7293b3a4b0d364d8481fe5db9c4c48f14f9640e978c9950754072f87fe,960188,0000000000000000000186e53ea105d0d9b8453d14666b2bee16b68510544fe4,2026-07-30T01:36:08+00:00,1,290221698,1,290218398,3300,30.206,v0_p2wpkh,v0_p2wpkh,bc1qnk4zh9qcnap2mycp56qjrgza3cc8ylrh8fecp0,sweep-funding-tx,high,Pays bc1qnk4zh9qcnap2mycp56qjrgza3cc8ylrh8fecp0 (the sole address that directly funded the named consolidation address bc1qq85v2c926eg6pgxhwp6q7lf6cnsz80qs3fcu9r within the target block range) and is itself confirmed inside that same block range.,"tools/onchain/trace_cluster.py (mempool.space API, live query)"
0ab12fb49dd2df0322a90fd70a4a21fefae958687be2be880105b7b493f265ee,960188,0000000000000000000186e53ea105d0d9b8453d14666b2bee16b68510544fe4,2026-07-30T01:36:08+00:00,2,700000294,1,699994954,5340,30.127,v0_p2wpkh,v0_p2wpkh,bc1qnk4zh9qcnap2mycp56qjrgza3cc8ylrh8fecp0,sweep-funding-tx,high,Pays bc1qnk4zh9qcnap2mycp56qjrgza3cc8ylrh8fecp0 (the sole address that directly funded the named consolidation address bc1qq85v2c926eg6pgxhwp6q7lf6cnsz80qs3fcu9r within the target block range) and is itself confirmed inside that same block range.,"tools/onchain/trace_cluster.py (mempool.space API, live query)"
0abb92950e601bfe98eb0102ff8cf1a17c2c4cbebc32a45b8d6b422db4e6b5c0,960188,0000000000000000000186e53ea105d0d9b8453d14666b2bee16b68510544fe4,2026-07-30T01:36:08+00:00,3,1005129695,1,1005122315,7380,30.122,v0_p2wpkh,v0_p2wpkh,bc1qnk4zh9qcnap2mycp56qjrgza3cc8ylrh8fecp0,sweep-funding-tx,high,Pays bc1qnk4zh9qcnap2mycp56qjrgza3cc8ylrh8fecp0 (the sole address that directly funded the named consolidation address bc1qq85v2c926eg6pgxhwp6q7lf6cnsz80qs3fcu9r within the target block range) and is itself confirmed inside that same block range.,"tools/onchain/trace_cluster.py (mempool.space API, live query)"
1b3b0245337abc6c44d005096262acc74f660e9473d9fbe170bc3a4ebe8b9d20,960188,0000000000000000000186e53ea105d0d9b8453d14666b2bee16b68510544fe4,2026-07-30T01:36:08+00:00,1,399998398,1,399995098,3300,30.137,v0_p2wpkh,v0_p2wpkh,bc1qnk4zh9qcnap2mycp56qjrgza3cc8ylrh8fecp0,sweep-funding-tx,high,Pays bc1qnk4zh9qcnap2mycp56qjrgza3cc8ylrh8fecp0 (the sole address that directly funded the named consolidation address bc1qq85v2c926eg6pgxhwp6q7lf6cnsz80qs3fcu9r within the target block range) and is itself confirmed inside that same block range.,"tools/onchain/trace_cluster.py (mempool.space API, live query)"
1fc3f22028e11c287134531f776806196efcac46b266790e9a3965f0d51793a3,960188,0000000000000000000186e53ea105d0d9b8453d14666b2bee16b68510544fe4,2026-07-30T01:36:08+00:00,1,211320203,1,211316903,3300,30.137,v0_p2wpkh,v0_p2wpkh,bc1qnk4zh9qcnap2mycp56qjrgza3cc8ylrh8fecp0,sweep-funding-tx,high,Pays bc1qnk4zh9qcnap2mycp56qjrgza3cc8ylrh8fecp0 (the sole address that directly funded the named consolidation address bc1qq85v2c926eg6pgxhwp6q7lf6cnsz80qs3fcu9r within the target block range) and is itself confirmed inside that same block range.,"tools/onchain/trace_cluster.py (mempool.space API, live query)"
2cfbaf06ba99bd159373d973cd87a1f623c6ffb58b6e1935593c8f101e1d2072,960188,0000000000000000000186e53ea105d0d9b8453d14666b2bee16b68510544fe4,2026-07-30T01:36:08+00:00,2,870412996,1,870407656,5340,30.085,v0_p2wpkh,v0_p2wpkh,bc1qnk4zh9qcnap2mycp56qjrgza3cc8ylrh8fecp0,sweep-funding-tx,high,Pays bc1qnk4zh9qcnap2mycp56qjrgza3cc8ylrh8fecp0 (the sole address that directly funded the named consolidation address bc1qq85v2c926eg6pgxhwp6q7lf6cnsz80qs3fcu9r within the target block range) and is itself confirmed inside that same block range.,"tools/onchain/trace_cluster.py (mempool.space API, live query)"
2d11fa39e490b5525acb2e2f4febd8dd68446567f102d4edfd0dc5a0ee1e935d,960188,0000000000000000000186e53ea105d0d9b8453d14666b2bee16b68510544fe4,2026-07-30T01:36:08+00:00,1,202340089,1,202336789,3300,30.206,v0_p2wpkh,v0_p2wpkh,bc1qnk4zh9qcnap2mycp56qjrgza3cc8ylrh8fecp0,sweep-funding-tx,high,Pays bc1qnk4zh9qcnap2mycp56qjrgza3cc8ylrh8fecp0 (the sole address that directly funded the named consolidation address bc1qq85v2c926eg6pgxhwp6q7lf6cnsz80qs3fcu9r within the target block range) and is itself confirmed inside that same block range.,"tools/onchain/trace_cluster.py (mempool.space API, live query)"
2d1b3afa3fa0b1b83c7ccdee478e6f66225458f93fd4c4cc05fc9f1f4f3fdd79,960188,0000000000000000000186e53ea105d0d9b8453d14666b2bee16b68510544fe4,2026-07-30T01:36:08+00:00,2,500498678,1,500493338,5340,30.085,v0_p2wpkh,v0_p2wpkh,bc1qnk4zh9qcnap2mycp56qjrgza3cc8ylrh8fecp0,sweep-funding-tx,high,Pays bc1qnk4zh9qcnap2mycp56qjrgza3cc8ylrh8fecp0 (the sole address that directly funded the named consolidation address bc1qq85v2c926eg6pgxhwp6q7lf6cnsz80qs3fcu9r within the target block range) and is itself confirmed inside that same block range.,"tools/onchain/trace_cluster.py (mempool.space API, live query)"
314bfca621c921085ce327ca1782be6cd8b4fa3bf3cbe426df7ebd7688d50b32,960188,0000000000000000000186e53ea105d0d9b8453d14666b2bee16b68510544fe4,2026-07-30T01:36:08+00:00,1,1018575115,1,1018571815,3300,30.137,v0_p2wpkh,v0_p2wpkh,bc1qnk4zh9qcnap2mycp56qjrgza3cc8ylrh8fecp0,sweep-funding-tx,high,Pays bc1qnk4zh9qcnap2mycp56qjrgza3cc8ylrh8fecp0 (the sole address that directly funded the named consolidation address bc1qq85v2c926eg6pgxhwp6q7lf6cnsz80qs3fcu9r within the target block range) and is itself confirmed inside that same block range.,"tools/onchain/trace_cluster.py (mempool.space API, live query)"
344a4a7e3522bf0ab7dd59b1be28fdad94f91e2db640abf9fe6bcf7944f9b116,960188,0000000000000000000186e53ea105d0d9b8453d14666b2bee16b68510544fe4,2026-07-30T01:36:08+00:00,3,1173804872,1,1173797492,7380,30.122,v0_p2wpkh,v0_p2wpkh,bc1qnk4zh9qcnap2mycp56qjrgza3cc8ylrh8fecp0,sweep-funding-tx,high,Pays bc1qnk4zh9qcnap2mycp56qjrgza3cc8ylrh8fecp0 (the sole address that directly funded the named consolidation address bc1qq85v2c926eg6pgxhwp6q7lf6cnsz80qs3fcu9r within the target block range) and is itself confirmed inside that same block range.,"tools/onchain/trace_cluster.py (mempool.space API, live query)"
3ba122c6dd82a2a56feb00d4b063b58b9bbb9d5eb6111607520e1c3fc703448a,960188,0000000000000000000186e53ea105d0d9b8453d14666b2bee16b68510544fe4,2026-07-30T01:36:08+00:00,3,1000000624,1,999993244,7380,30.092,v0_p2wpkh,v0_p2wpkh,bc1qnk4zh9qcnap2mycp56qjrgza3cc8ylrh8fecp0,sweep-funding-tx,high,Pays bc1qnk4zh9qcnap2mycp56qjrgza3cc8ylrh8fecp0 (the sole address that directly funded the named consolidation address bc1qq85v2c926eg6pgxhwp6q7lf6cnsz80qs3fcu9r within the target block range) and is itself confirmed inside that same block range.,"tools/onchain/trace_cluster.py (mempool.space API, live query)"
40f6f8d90ae782ccd1ff374537adc7888f9f09bddcdbcbd160853630388ba997,960188,0000000000000000000186e53ea105d0d9b8453d14666b2bee16b68510544fe4,2026-07-30T01:36:08+00:00,2,609998884,1,609993544,5340,30.212,v0_p2wpkh,v0_p2wpkh,bc1qnk4zh9qcnap2mycp56qjrgza3cc8ylrh8fecp0,sweep-funding-tx,high,Pays bc1qnk4zh9qcnap2mycp56qjrgza3cc8ylrh8fecp0 (the sole address that directly funded the named consolidation address bc1qq85v2c926eg6pgxhwp6q7lf6cnsz80qs3fcu9r within the target block range) and is itself confirmed inside that same block range.,"tools/onchain/trace_cluster.py (mempool.space API, live query)"
4252c39da19374c07ad711785cde659dab694602e16eea35702dd10e72f66e8c,960188,0000000000000000000186e53ea105d0d9b8453d14666b2bee16b68510544fe4,2026-07-30T01:36:08+00:00,1,446816970,1,446813670,3300,30.206,v0_p2wpkh,v0_p2wpkh,bc1qnk4zh9qcnap2mycp56qjrgza3cc8ylrh8fecp0,sweep-funding-tx,high,Pays bc1qnk4zh9qcnap2mycp56qjrgza3cc8ylrh8fecp0 (the sole address that directly funded the named consolidation address bc1qq85v2c926eg6pgxhwp6q7lf6cnsz80qs3fcu9r within the target block range) and is itself confirmed inside that same block range.,"tools/onchain/trace_cluster.py (mempool.space API, live query)"
4a4c749c47b97615bdd576138fb6d0885a9f3cbf759ab666138e1f08271d973e,960188,0000000000000000000186e53ea105d0d9b8453d14666b2bee16b68510544fe4,2026-07-30T01:36:08+00:00,1,440000000,1,439996700,3300,30.206,v0_p2wpkh,v0_p2wpkh,bc1qnk4zh9qcnap2mycp56qjrgza3cc8ylrh8fecp0,sweep-funding-tx,high,Pays bc1qnk4zh9qcnap2mycp56qjrgza3cc8ylrh8fecp0 (the sole address that directly funded the named consolidation address bc1qq85v2c926eg6pgxhwp6q7lf6cnsz80qs3fcu9r within the target block range) and is itself confirmed inside that same block range.,"tools/onchain/trace_cluster.py (mempool.space API, live query)"
4ba82beb75f442055c25f591fc7a3c427299785fad47a0496af31f14b7a3afb8,960188,0000000000000000000186e53ea105d0d9b8453d14666b2bee16b68510544fe4,2026-07-30T01:36:08+00:00,3,1000000624,1,999993244,7380,30.153,v0_p2wpkh,v0_p2wpkh,bc1qnk4zh9qcnap2mycp56qjrgza3cc8ylrh8fecp0,sweep-funding-tx,high,Pays bc1qnk4zh9qcnap2mycp56qjrgza3cc8ylrh8fecp0 (the sole address that directly funded the named consolidation address bc1qq85v2c926eg6pgxhwp6q7lf6cnsz80qs3fcu9r within the target block range) and is itself confirmed inside that same block range.,"tools/onchain/trace_cluster.py (mempool.space API, live query)"
4bb2554d9701a4f019f6b9edef47ba1cff1c02032cd09b355c8371d827f91563,960188,0000000000000000000186e53ea105d0d9b8453d14666b2bee16b68510544fe4,2026-07-30T01:36:08+00:00,1,226357928,1,226354628,3300,30.206,v0_p2wpkh,v0_p2wpkh,bc1qnk4zh9qcnap2mycp56qjrgza3cc8ylrh8fecp0,sweep-funding-tx,high,Pays bc1qnk4zh9qcnap2mycp56qjrgza3cc8ylrh8fecp0 (the sole address that directly funded the named consolidation address bc1qq85v2c926eg6pgxhwp6q7lf6cnsz80qs3fcu9r within the target block range) and is itself confirmed inside that same block range.,"tools/onchain/trace_cluster.py (mempool.space API, live query)"
4ef56b39200eb30c1ad0d34551fcf153442a630f59f6b545c481bc67f0ceefcc,960188,0000000000000000000186e53ea105d0d9b8453d14666b2bee16b68510544fe4,2026-07-30T01:36:08+00:00,3,999999728,1,999992348,7380,30.122,v0_p2wpkh,v0_p2wpkh,bc1qnk4zh9qcnap2mycp56qjrgza3cc8ylrh8fecp0,sweep-funding-tx,high,Pays bc1qnk4zh9qcnap2mycp56qjrgza3cc8ylrh8fecp0 (the sole address that directly funded the named consolidation address bc1qq85v2c926eg6pgxhwp6q7lf6cnsz80qs3fcu9r within the target block range) and is itself confirmed inside that same block range.,"tools/onchain/trace_cluster.py (mempool.space API, live query)"
4f1ad0dd1e22e9fb869c4adc6a217ad02bc6ea96081fb5e4b16d7f327255241f,960188,0000000000000000000186e53ea105d0d9b8453d14666b2bee16b68510544fe4,2026-07-30T01:36:08+00:00,1,370221915,1,370218615,3300,30.206,v0_p2wpkh,v0_p2wpkh,bc1qnk4zh9qcnap2mycp56qjrgza3cc8ylrh8fecp0,sweep-funding-tx,high,Pays bc1qnk4zh9qcnap2mycp56qjrgza3cc8ylrh8fecp0 (the sole address that directly funded the named consolidation address bc1qq85v2c926eg6pgxhwp6q7lf6cnsz80qs3fcu9r within the target block range) and is itself confirmed inside that same block range.,"tools/onchain/trace_cluster.py (mempool.space API, live query)"
4f37f6ad3e748e2c356f9e13afde96445a02b683a9cb1b7ded8cde5f592b095f,960188,0000000000000000000186e53ea105d0d9b8453d14666b2bee16b68510544fe4,2026-07-30T01:36:08+00:00,1,395701625,1,395698325,3300,30.206,v0_p2wpkh,v0_p2wpkh,bc1qnk4zh9qcnap2mycp56qjrgza3cc8ylrh8fecp0,sweep-funding-tx,high,Pays bc1qnk4zh9qcnap2mycp56qjrgza3cc8ylrh8fecp0 (the sole address that directly funded the named consolidation address bc1qq85v2c926eg6pgxhwp6q7lf6cnsz80qs3fcu9r within the target block range) and is itself confirmed inside that same block range.,"tools/onchain/trace_cluster.py (mempool.space API, live query)"
54e3fd34685373445e9e8a005acd469427aeb5e32aeb98ff391b9a885e7ddb46,960188,0000000000000000000186e53ea105d0d9b8453d14666b2bee16b68510544fe4,2026-07-30T01:36:08+00:00,3,1425202102,1,1425194722,7380,30.092,v0_p2wpkh,v0_p2wpkh,bc1qnk4zh9qcnap2mycp56qjrgza3cc8ylrh8fecp0,sweep-funding-tx,high,Pays bc1qnk4zh9qcnap2mycp56qjrgza3cc8ylrh8fecp0 (the sole address that directly funded the named consolidation address bc1qq85v2c926eg6pgxhwp6q7lf6cnsz80qs3fcu9r within the target block range) and is itself confirmed inside that same block range.,"tools/onchain/trace_cluster.py (mempool.space API, live query)"
5ac2bf7f30cfbe6dc04d6c5541e4012ea4ced0e2a85c39d56e6e8dda56b011aa,960188,0000000000000000000186e53ea105d0d9b8453d14666b2bee16b68510544fe4,2026-07-30T01:36:08+00:00,1,288661550,1,288658250,3300,30.137,v0_p2wpkh,v0_p2wpkh,bc1qnk4zh9qcnap2mycp56qjrgza3cc8ylrh8fecp0,sweep-funding-tx,high,Pays bc1qnk4zh9qcnap2mycp56qjrgza3cc8ylrh8fecp0 (the sole address that directly funded the named consolidation address bc1qq85v2c926eg6pgxhwp6q7lf6cnsz80qs3fcu9r within the target block range) and is itself confirmed inside that same block range.,"tools/onchain/trace_cluster.py (mempool.space API, live query)"
5c32189db379d8245f54e602d0f0879a3daa50147ffebf86e2843582f542a861,960188,0000000000000000000186e53ea105d0d9b8453d14666b2bee16b68510544fe4,2026-07-30T01:36:08+00:00,2,457697893,1,457692553,5340,30.127,v0_p2wpkh,v0_p2wpkh,bc1qnk4zh9qcnap2mycp56qjrgza3cc8ylrh8fecp0,sweep-funding-tx,high,Pays bc1qnk4zh9qcnap2mycp56qjrgza3cc8ylrh8fecp0 (the sole address that directly funded the named consolidation address bc1qq85v2c926eg6pgxhwp6q7lf6cnsz80qs3fcu9r within the target block range) and is itself confirmed inside that same block range.,"tools/onchain/trace_cluster.py (mempool.space API, live query)"
69a2f2d0c781adf1b0055d93944cd8b33f486feb7ffb9b5f2f04caf4949136d0,960188,0000000000000000000186e53ea105d0d9b8453d14666b2bee16b68510544fe4,2026-07-30T01:36:08+00:00,1,227384604,1,227381304,3300,30.137,v0_p2wpkh,v0_p2wpkh,bc1qnk4zh9qcnap2mycp56qjrgza3cc8ylrh8fecp0,sweep-funding-tx,high,Pays bc1qnk4zh9qcnap2mycp56qjrgza3cc8ylrh8fecp0 (the sole address that directly funded the named consolidation address bc1qq85v2c926eg6pgxhwp6q7lf6cnsz80qs3fcu9r within the target block range) and is itself confirmed inside that same block range.,"tools/onchain/trace_cluster.py (mempool.space API, live query)"
6a9a2d33397a3cbee6e89c7c4941ca8b7ed091f341dcb6c19a38ad1fc56e05e1,960188,0000000000000000000186e53ea105d0d9b8453d14666b2bee16b68510544fe4,2026-07-30T01:36:08+00:00,2,700000294,1,699994954,5340,30.127,v0_p2wpkh,v0_p2wpkh,bc1qnk4zh9qcnap2mycp56qjrgza3cc8ylrh8fecp0,sweep-funding-tx,high,Pays bc1qnk4zh9qcnap2mycp56qjrgza3cc8ylrh8fecp0 (the sole address that directly funded the named consolidation address bc1qq85v2c926eg6pgxhwp6q7lf6cnsz80qs3fcu9r within the target block range) and is itself confirmed inside that same block range.,"tools/onchain/trace_cluster.py (mempool.space API, live query)"
78ac8968ccf5a586d2fb9509f5af13f41e0a288bfa0f0b177d4e4b6bbebad05d,960188,0000000000000000000186e53ea105d0d9b8453d14666b2bee16b68510544fe4,2026-07-30T01:36:08+00:00,3,2989252501,1,2989245121,7380,30.122,v0_p2wpkh,v0_p2wpkh,bc1qnk4zh9qcnap2mycp56qjrgza3cc8ylrh8fecp0,sweep-funding-tx,high,Pays bc1qnk4zh9qcnap2mycp56qjrgza3cc8ylrh8fecp0 (the sole address that directly funded the named consolidation address bc1qq85v2c926eg6pgxhwp6q7lf6cnsz80qs3fcu9r within the target block range) and is itself confirmed inside that same block range.,"tools/onchain/trace_cluster.py (mempool.space API, live query)"
792995d1c06664241b50e5aeb1e003c75d35d507990077db3de02c28c0678e1b,960188,0000000000000000000186e53ea105d0d9b8453d14666b2bee16b68510544fe4,2026-07-30T01:36:08+00:00,1,500000000,1,499996700,3300,30.137,v0_p2wpkh,v0_p2wpkh,bc1qnk4zh9qcnap2mycp56qjrgza3cc8ylrh8fecp0,sweep-funding-tx,high,Pays bc1qnk4zh9qcnap2mycp56qjrgza3cc8ylrh8fecp0 (the sole address that directly funded the named consolidation address bc1qq85v2c926eg6pgxhwp6q7lf6cnsz80qs3fcu9r within the target block range) and is itself confirmed inside that same block range.,"tools/onchain/trace_cluster.py (mempool.space API, live query)"
8151171951b75d312dc885f403bc70d5b892340c90ece4dcee4d4647e2f3cbba,960188,0000000000000000000186e53ea105d0d9b8453d14666b2bee16b68510544fe4,2026-07-30T01:36:08+00:00,3,211159948,1,211152568,7380,30.184,v0_p2wpkh,v0_p2wpkh,bc1qnk4zh9qcnap2mycp56qjrgza3cc8ylrh8fecp0,sweep-funding-tx,high,Pays bc1qnk4zh9qcnap2mycp56qjrgza3cc8ylrh8fecp0 (the sole address that directly funded the named consolidation address bc1qq85v2c926eg6pgxhwp6q7lf6cnsz80qs3fcu9r within the target block range) and is itself confirmed inside that same block range.,"tools/onchain/trace_cluster.py (mempool.space API, live query)"
826a6700a35b969ee54bc2bf611b5e1c4c75a4c6861d2e315870611321a9d9cc,960188,0000000000000000000186e53ea105d0d9b8453d14666b2bee16b68510544fe4,2026-07-30T01:36:08+00:00,1,500000000,1,499996700,3300,30.206,v0_p2wpkh,v0_p2wpkh,bc1qnk4zh9qcnap2mycp56qjrgza3cc8ylrh8fecp0,sweep-funding-tx,high,Pays bc1qnk4zh9qcnap2mycp56qjrgza3cc8ylrh8fecp0 (the sole address that directly funded the named consolidation address bc1qq85v2c926eg6pgxhwp6q7lf6cnsz80qs3fcu9r within the target block range) and is itself confirmed inside that same block range.,"tools/onchain/trace_cluster.py (mempool.space API, live query)"
83ce482dcbd6a2774c658de35c4813cea371b27bf643425a3a8a77907f6694e2,960188,0000000000000000000186e53ea105d0d9b8453d14666b2bee16b68510544fe4,2026-07-30T01:36:08+00:00,1,229932745,1,229929445,3300,30.206,v0_p2wpkh,v0_p2wpkh,bc1qnk4zh9qcnap2mycp56qjrgza3cc8ylrh8fecp0,sweep-funding-tx,high,Pays bc1qnk4zh9qcnap2mycp56qjrgza3cc8ylrh8fecp0 (the sole address that directly funded the named consolidation address bc1qq85v2c926eg6pgxhwp6q7lf6cnsz80qs3fcu9r within the target block range) and is itself confirmed inside that same block range.,"tools/onchain/trace_cluster.py (mempool.space API, live query)"
845486b754cbfb87dbb7fd437aad8f00278ad9fe8988e96bb5d77396d281c244,960188,0000000000000000000186e53ea105d0d9b8453d14666b2bee16b68510544fe4,2026-07-30T01:36:08+00:00,1,212674962,1,212671662,3300,30.137,v0_p2wpkh,v0_p2wpkh,bc1qnk4zh9qcnap2mycp56qjrgza3cc8ylrh8fecp0,sweep-funding-tx,high,Pays bc1qnk4zh9qcnap2mycp56qjrgza3cc8ylrh8fecp0 (the sole address that directly funded the named consolidation address bc1qq85v2c926eg6pgxhwp6q7lf6cnsz80qs3fcu9r within the target block range) and is itself confirmed inside that same block range.,"tools/onchain/trace_cluster.py (mempool.space API, live query)"
89c2a0e0a9b31942c8858acf538bea6c2e2036ed5f72100e602f3a91cdc14522,960188,0000000000000000000186e53ea105d0d9b8453d14666b2bee16b68510544fe4,2026-07-30T01:36:08+00:00,2,690361718,1,690356378,5340,30.127,v0_p2wpkh,v0_p2wpkh,bc1qnk4zh9qcnap2mycp56qjrgza3cc8ylrh8fecp0,sweep-funding-tx,high,Pays bc1qnk4zh9qcnap2mycp56qjrgza3cc8ylrh8fecp0 (the sole address that directly funded the named consolidation address bc1qq85v2c926eg6pgxhwp6q7lf6cnsz80qs3fcu9r within the target block range) and is itself confirmed inside that same block range.,"tools/onchain/trace_cluster.py (mempool.space API, live query)"
8bb23dae058afd4099b58e200ec19ca1b29edead320f8e7a611cb5b97f81dca8,960188,0000000000000000000186e53ea105d0d9b8453d14666b2bee16b68510544fe4,2026-07-30T01:36:08+00:00,1,207569339,1,207566039,3300,30.206,v0_p2wpkh,v0_p2wpkh,bc1qnk4zh9qcnap2mycp56qjrgza3cc8ylrh8fecp0,sweep-funding-tx,high,Pays bc1qnk4zh9qcnap2mycp56qjrgza3cc8ylrh8fecp0 (the sole address that directly funded the named consolidation address bc1qq85v2c926eg6pgxhwp6q7lf6cnsz80qs3fcu9r within the target block range) and is itself confirmed inside that same block range.,"tools/onchain/trace_cluster.py (mempool.space API, live query)"
9146c6b7cdaa817bcb223782cde982ff20c438797b515114b9ddc982b721a3f4,960188,0000000000000000000186e53ea105d0d9b8453d14666b2bee16b68510544fe4,2026-07-30T01:36:08+00:00,1,406052000,1,406048700,3300,30.137,v0_p2wpkh,v0_p2wpkh,bc1qnk4zh9qcnap2mycp56qjrgza3cc8ylrh8fecp0,sweep-funding-tx,high,Pays bc1qnk4zh9qcnap2mycp56qjrgza3cc8ylrh8fecp0 (the sole address that directly funded the named consolidation address bc1qq85v2c926eg6pgxhwp6q7lf6cnsz80qs3fcu9r within the target block range) and is itself confirmed inside that same block range.,"tools/onchain/trace_cluster.py (mempool.space API, live query)"
96490dd51ebcde2356c38369c3d959fd4d1d569bdac9e6f8454e476aed83140f,960188,0000000000000000000186e53ea105d0d9b8453d14666b2bee16b68510544fe4,2026-07-30T01:36:08+00:00,1,500000000,1,499996700,3300,30.137,v0_p2wpkh,v0_p2wpkh,bc1qnk4zh9qcnap2mycp56qjrgza3cc8ylrh8fecp0,sweep-funding-tx,high,Pays bc1qnk4zh9qcnap2mycp56qjrgza3cc8ylrh8fecp0 (the sole address that directly funded the named consolidation address bc1qq85v2c926eg6pgxhwp6q7lf6cnsz80qs3fcu9r within the target block range) and is itself confirmed inside that same block range.,"tools/onchain/trace_cluster.py (mempool.space API, live query)"
9a5310789b97f674ad6d93094a8d4bc799cc0fee9abf39b457fb0dcdb2b8154a,960188,0000000000000000000186e53ea105d0d9b8453d14666b2bee16b68510544fe4,2026-07-30T01:36:08+00:00,2,631804269,1,631798929,5340,30.169,v0_p2wpkh,v0_p2wpkh,bc1qnk4zh9qcnap2mycp56qjrgza3cc8ylrh8fecp0,sweep-funding-tx,high,Pays bc1qnk4zh9qcnap2mycp56qjrgza3cc8ylrh8fecp0 (the sole address that directly funded the named consolidation address bc1qq85v2c926eg6pgxhwp6q7lf6cnsz80qs3fcu9r within the target block range) and is itself confirmed inside that same block range.,"tools/onchain/trace_cluster.py (mempool.space API, live query)"
9bd9b6fb1b8655f68f856907ac0764bb74f0270c7154a5af1d8c63edf63ce8d5,960188,0000000000000000000186e53ea105d0d9b8453d14666b2bee16b68510544fe4,2026-07-30T01:36:08+00:00,4,2408219250,1,2408209830,9420,30.144,v0_p2wpkh,v0_p2wpkh,bc1qnk4zh9qcnap2mycp56qjrgza3cc8ylrh8fecp0,sweep-funding-tx,high,Pays bc1qnk4zh9qcnap2mycp56qjrgza3cc8ylrh8fecp0 (the sole address that directly funded the named consolidation address bc1qq85v2c926eg6pgxhwp6q7lf6cnsz80qs3fcu9r within the target block range) and is itself confirmed inside that same block range.,"tools/onchain/trace_cluster.py (mempool.space API, live query)"
a235e6c6a38fdba7635f56ef373d58be168b28818c1632519198814990c41a65,960188,0000000000000000000186e53ea105d0d9b8453d14666b2bee16b68510544fe4,2026-07-30T01:36:08+00:00,2,767500294,1,767494954,5340,30.085,v0_p2wpkh,v0_p2wpkh,bc1qnk4zh9qcnap2mycp56qjrgza3cc8ylrh8fecp0,sweep-funding-tx,high,Pays bc1qnk4zh9qcnap2mycp56qjrgza3cc8ylrh8fecp0 (the sole address that directly funded the named consolidation address bc1qq85v2c926eg6pgxhwp6q7lf6cnsz80qs3fcu9r within the target block range) and is itself confirmed inside that same block range.,"tools/onchain/trace_cluster.py (mempool.space API, live query)"
a88fda60c5bcb08d9f29264742ef286488681ff00c1f32ab234afa7328670580,960188,0000000000000000000186e53ea105d0d9b8453d14666b2bee16b68510544fe4,2026-07-30T01:36:08+00:00,1,487970981,1,487967681,3300,30.206,v0_p2wpkh,v0_p2wpkh,bc1qnk4zh9qcnap2mycp56qjrgza3cc8ylrh8fecp0,sweep-funding-tx,high,Pays bc1qnk4zh9qcnap2mycp56qjrgza3cc8ylrh8fecp0 (the sole address that directly funded the named consolidation address bc1qq85v2c926eg6pgxhwp6q7lf6cnsz80qs3fcu9r within the target block range) and is itself confirmed inside that same block range.,"tools/onchain/trace_cluster.py (mempool.space API, live query)"
aa4723bb2ff669f6d8857560c81eaf1e118c209ebcd0afaef8d723e2c52e6c01,960188,0000000000000000000186e53ea105d0d9b8453d14666b2bee16b68510544fe4,2026-07-30T01:36:08+00:00,1,275768698,1,275765398,3300,30.206,v0_p2wpkh,v0_p2wpkh,bc1qnk4zh9qcnap2mycp56qjrgza3cc8ylrh8fecp0,sweep-funding-tx,high,Pays bc1qnk4zh9qcnap2mycp56qjrgza3cc8ylrh8fecp0 (the sole address that directly funded the named consolidation address bc1qq85v2c926eg6pgxhwp6q7lf6cnsz80qs3fcu9r within the target block range) and is itself confirmed inside that same block range.,"tools/onchain/trace_cluster.py (mempool.space API, live query)"
ac8edf50afe2234a4204a87695b009f5656a3f2dc9587f606b7e301b8221c2ce,960188,0000000000000000000186e53ea105d0d9b8453d14666b2bee16b68510544fe4,2026-07-30T01:36:08+00:00,16,307098574,1,307064674,33900,30.047,v0_p2wpkh,v0_p2wpkh,bc1qnk4zh9qcnap2mycp56qjrgza3cc8ylrh8fecp0,sweep-funding-tx,high,Pays bc1qnk4zh9qcnap2mycp56qjrgza3cc8ylrh8fecp0 (the sole address that directly funded the named consolidation address bc1qq85v2c926eg6pgxhwp6q7lf6cnsz80qs3fcu9r within the target block range) and is itself confirmed inside that same block range.,"tools/onchain/trace_cluster.py (mempool.space API, live query)"
b12b8f994493488edb66940c3539fcab2b46709f1f67c3e70bba3773f649d6d0,960188,0000000000000000000186e53ea105d0d9b8453d14666b2bee16b68510544fe4,2026-07-30T01:36:08+00:00,4,514644878,1,514635458,9420,30.096,v0_p2wpkh,v0_p2wpkh,bc1qnk4zh9qcnap2mycp56qjrgza3cc8ylrh8fecp0,sweep-funding-tx,high,Pays bc1qnk4zh9qcnap2mycp56qjrgza3cc8ylrh8fecp0 (the sole address that directly funded the named consolidation address bc1qq85v2c926eg6pgxhwp6q7lf6cnsz80qs3fcu9r within the target block range) and is itself confirmed inside that same block range.,"tools/onchain/trace_cluster.py (mempool.space API, live query)"
b24d7c205f213a2b8c058b0c1afeabadca183c317a963e0b51bf6c21c87dcce7,960188,0000000000000000000186e53ea105d0d9b8453d14666b2bee16b68510544fe4,2026-07-30T01:36:08+00:00,2,833731569,1,833726229,5340,30.169,v0_p2wpkh,v0_p2wpkh,bc1qnk4zh9qcnap2mycp56qjrgza3cc8ylrh8fecp0,sweep-funding-tx,high,Pays bc1qnk4zh9qcnap2mycp56qjrgza3cc8ylrh8fecp0 (the sole address that directly funded the named consolidation address bc1qq85v2c926eg6pgxhwp6q7lf6cnsz80qs3fcu9r within the target block range) and is itself confirmed inside that same block range.,"tools/onchain/trace_cluster.py (mempool.space API, live query)"
b57c6a2e0fdc021f1a6dc6ce073a6c677c0687e9f791722d39d6d0f1c06fe26c,960188,0000000000000000000186e53ea105d0d9b8453d14666b2bee16b68510544fe4,2026-07-30T01:36:08+00:00,1,206289566,1,206286266,3300,30.137,v0_p2wpkh,v0_p2wpkh,bc1qnk4zh9qcnap2mycp56qjrgza3cc8ylrh8fecp0,sweep-funding-tx,high,Pays bc1qnk4zh9qcnap2mycp56qjrgza3cc8ylrh8fecp0 (the sole address that directly funded the named consolidation address bc1qq85v2c926eg6pgxhwp6q7lf6cnsz80qs3fcu9r within the target block range) and is itself confirmed inside that same block range.,"tools/onchain/trace_cluster.py (mempool.space API, live query)"
b985eabd876ffbcf7905e2fd7483e6fd0432b96f33bd8165b47aa2b58175ad97,960188,0000000000000000000186e53ea105d0d9b8453d14666b2bee16b68510544fe4,2026-07-30T01:36:08+00:00,1,214765452,1,214762152,3300,30.137,v0_p2wpkh,v0_p2wpkh,bc1qnk4zh9qcnap2mycp56qjrgza3cc8ylrh8fecp0,sweep-funding-tx,high,Pays bc1qnk4zh9qcnap2mycp56qjrgza3cc8ylrh8fecp0 (the sole address that directly funded the named consolidation address bc1qq85v2c926eg6pgxhwp6q7lf6cnsz80qs3fcu9r within the target block range) and is itself confirmed inside that same block range.,"tools/onchain/trace_cluster.py (mempool.space API, live query)"
bae03508e4e5c81e27f9de13f7a31d18e8b20bc9d5c1fc5fe830510d65b6df5d,960188,0000000000000000000186e53ea105d0d9b8453d14666b2bee16b68510544fe4,2026-07-30T01:36:08+00:00,7,1442997516,1,1442981976,15540,30.102,v0_p2wpkh,v0_p2wpkh,bc1qnk4zh9qcnap2mycp56qjrgza3cc8ylrh8fecp0,sweep-funding-tx,high,Pays bc1qnk4zh9qcnap2mycp56qjrgza3cc8ylrh8fecp0 (the sole address that directly funded the named consolidation address bc1qq85v2c926eg6pgxhwp6q7lf6cnsz80qs3fcu9r within the target block range) and is itself confirmed inside that same block range.,"tools/onchain/trace_cluster.py (mempool.space API, live query)"
bafb03587062aff238431b2b7f5b9339725a91cb38326ddf74bfeb83b6e2469a,960188,0000000000000000000186e53ea105d0d9b8453d14666b2bee16b68510544fe4,2026-07-30T01:36:08+00:00,1,327973011,1,327969711,3300,30.137,v0_p2wpkh,v0_p2wpkh,bc1qnk4zh9qcnap2mycp56qjrgza3cc8ylrh8fecp0,sweep-funding-tx,high,Pays bc1qnk4zh9qcnap2mycp56qjrgza3cc8ylrh8fecp0 (the sole address that directly funded the named consolidation address bc1qq85v2c926eg6pgxhwp6q7lf6cnsz80qs3fcu9r within the target block range) and is itself confirmed inside that same block range.,"tools/onchain/trace_cluster.py (mempool.space API, live query)"
c1f1e98245f5b38ff0a56797208ac3f0ec909ec7d1a816fda5e7ddc236a8c90f,960188,0000000000000000000186e53ea105d0d9b8453d14666b2bee16b68510544fe4,2026-07-30T01:36:08+00:00,2,717868714,1,717863374,5340,30.127,v0_p2wpkh,v0_p2wpkh,bc1qnk4zh9qcnap2mycp56qjrgza3cc8ylrh8fecp0,sweep-funding-tx,high,Pays bc1qnk4zh9qcnap2mycp56qjrgza3cc8ylrh8fecp0 (the sole address that directly funded the named consolidation address bc1qq85v2c926eg6pgxhwp6q7lf6cnsz80qs3fcu9r within the target block range) and is itself confirmed inside that same block range.,"tools/onchain/trace_cluster.py (mempool.space API, live query)"
c791d88c4bd744e1e72f69880365adec116597cfa9fdbb404896f73c7b01fd64,960188,0000000000000000000186e53ea105d0d9b8453d14666b2bee16b68510544fe4,2026-07-30T01:36:08+00:00,3,482241234,1,482233854,7380,30.122,v0_p2wpkh,v0_p2wpkh,bc1qnk4zh9qcnap2mycp56qjrgza3cc8ylrh8fecp0,sweep-funding-tx,high,Pays bc1qnk4zh9qcnap2mycp56qjrgza3cc8ylrh8fecp0 (the sole address that directly funded the named consolidation address bc1qq85v2c926eg6pgxhwp6q7lf6cnsz80qs3fcu9r within the target block range) and is itself confirmed inside that same block range.,"tools/onchain/trace_cluster.py (mempool.space API, live query)"
d40fab97661d82fe658c7e616345f24d9292214d74231062f8a26b774c2396d3,960188,0000000000000000000186e53ea105d0d9b8453d14666b2bee16b68510544fe4,2026-07-30T01:36:08+00:00,4,306912215,1,306902795,9420,30.096,v0_p2wpkh,v0_p2wpkh,bc1qnk4zh9qcnap2mycp56qjrgza3cc8ylrh8fecp0,sweep-funding-tx,high,Pays bc1qnk4zh9qcnap2mycp56qjrgza3cc8ylrh8fecp0 (the sole address that directly funded the named consolidation address bc1qq85v2c926eg6pgxhwp6q7lf6cnsz80qs3fcu9r within the target block range) and is itself confirmed inside that same block range.,"tools/onchain/trace_cluster.py (mempool.space API, live query)"
d4413128d05c94b3f1ba268bd2d4c18a7d55c770dbbfe0055605090c7cd3bdbc,960188,0000000000000000000186e53ea105d0d9b8453d14666b2bee16b68510544fe4,2026-07-30T01:36:08+00:00,3,1000000624,1,999993244,7380,30.122,v0_p2wpkh,v0_p2wpkh,bc1qnk4zh9qcnap2mycp56qjrgza3cc8ylrh8fecp0,sweep-funding-tx,high,Pays bc1qnk4zh9qcnap2mycp56qjrgza3cc8ylrh8fecp0 (the sole address that directly funded the named consolidation address bc1qq85v2c926eg6pgxhwp6q7lf6cnsz80qs3fcu9r within the target block range) and is itself confirmed inside that same block range.,"tools/onchain/trace_cluster.py (mempool.space API, live query)"
d4fb0daaeedcff3939509cc8544950edca39b64b20d459b305e24ae9612b9287,960188,0000000000000000000186e53ea105d0d9b8453d14666b2bee16b68510544fe4,2026-07-30T01:36:08+00:00,2,500499854,1,500494514,5340,30.085,v0_p2wpkh,v0_p2wpkh,bc1qnk4zh9qcnap2mycp56qjrgza3cc8ylrh8fecp0,sweep-funding-tx,high,Pays bc1qnk4zh9qcnap2mycp56qjrgza3cc8ylrh8fecp0 (the sole address that directly funded the named consolidation address bc1qq85v2c926eg6pgxhwp6q7lf6cnsz80qs3fcu9r within the target block range) and is itself confirmed inside that same block range.,"tools/onchain/trace_cluster.py (mempool.space API, live query)"
de40e15d8ee0fb987a3a4aa411e75a34aaaa05ec908869e3b32395cfc6426460,960188,0000000000000000000186e53ea105d0d9b8453d14666b2bee16b68510544fe4,2026-07-30T01:36:08+00:00,2,202480000,1,202474660,5340,30.127,v0_p2wpkh,v0_p2wpkh,bc1qnk4zh9qcnap2mycp56qjrgza3cc8ylrh8fecp0,sweep-funding-tx,high,Pays bc1qnk4zh9qcnap2mycp56qjrgza3cc8ylrh8fecp0 (the sole address that directly funded the named consolidation address bc1qq85v2c926eg6pgxhwp6q7lf6cnsz80qs3fcu9r within the target block range) and is itself confirmed inside that same block range.,"tools/onchain/trace_cluster.py (mempool.space API, live query)"
e638c4e6873a5535aa075a8f9839863c938d9f6676c8e90685482ca21eae0555,960188,0000000000000000000186e53ea105d0d9b8453d14666b2bee16b68510544fe4,2026-07-30T01:36:08+00:00,1,223211577,1,223208277,3300,30.137,v0_p2wpkh,v0_p2wpkh,bc1qnk4zh9qcnap2mycp56qjrgza3cc8ylrh8fecp0,sweep-funding-tx,high,Pays bc1qnk4zh9qcnap2mycp56qjrgza3cc8ylrh8fecp0 (the sole address that directly funded the named consolidation address bc1qq85v2c926eg6pgxhwp6q7lf6cnsz80qs3fcu9r within the target block range) and is itself confirmed inside that same block range.,"tools/onchain/trace_cluster.py (mempool.space API, live query)"
ed0e54822b725a5526c5044760bb380479653799d12d4740ffb4a26ad32f0151,960188,0000000000000000000186e53ea105d0d9b8453d14666b2bee16b68510544fe4,2026-07-30T01:36:08+00:00,1,253526000,1,253522700,3300,30.206,v0_p2wpkh,v0_p2wpkh,bc1qnk4zh9qcnap2mycp56qjrgza3cc8ylrh8fecp0,sweep-funding-tx,high,Pays bc1qnk4zh9qcnap2mycp56qjrgza3cc8ylrh8fecp0 (the sole address that directly funded the named consolidation address bc1qq85v2c926eg6pgxhwp6q7lf6cnsz80qs3fcu9r within the target block range) and is itself confirmed inside that same block range.,"tools/onchain/trace_cluster.py (mempool.space API, live query)"
f2a7578cb38651bd1a713cd4a1629a33374b17e0cf14071489be59a727837c4e,960188,0000000000000000000186e53ea105d0d9b8453d14666b2bee16b68510544fe4,2026-07-30T01:36:08+00:00,3,1000000624,1,999993244,7380,30.122,v0_p2wpkh,v0_p2wpkh,bc1qnk4zh9qcnap2mycp56qjrgza3cc8ylrh8fecp0,sweep-funding-tx,high,Pays bc1qnk4zh9qcnap2mycp56qjrgza3cc8ylrh8fecp0 (the sole address that directly funded the named consolidation address bc1qq85v2c926eg6pgxhwp6q7lf6cnsz80qs3fcu9r within the target block range) and is itself confirmed inside that same block range.,"tools/onchain/trace_cluster.py (mempool.space API, live query)"
f3cedc563e615f9d58b2bd7f5981eceaa95e64f84100204d0211e68f50c92f2a,960188,0000000000000000000186e53ea105d0d9b8453d14666b2bee16b68510544fe4,2026-07-30T01:36:08+00:00,2,500000294,1,499994954,5340,30.085,v0_p2wpkh,v0_p2wpkh,bc1qnk4zh9qcnap2mycp56qjrgza3cc8ylrh8fecp0,sweep-funding-tx,high,Pays bc1qnk4zh9qcnap2mycp56qjrgza3cc8ylrh8fecp0 (the sole address that directly funded the named consolidation address bc1qq85v2c926eg6pgxhwp6q7lf6cnsz80qs3fcu9r within the target block range) and is itself confirmed inside that same block range.,"tools/onchain/trace_cluster.py (mempool.space API, live query)"
f57e6cf81946383dcbb9fe5522ab3f98071e0d5109521e87993d4ec950716996,960188,0000000000000000000186e53ea105d0d9b8453d14666b2bee16b68510544fe4,2026-07-30T01:36:08+00:00,1,940425168,1,940421868,3300,30.206,v0_p2wpkh,v0_p2wpkh,bc1qnk4zh9qcnap2mycp56qjrgza3cc8ylrh8fecp0,sweep-funding-tx,high,Pays bc1qnk4zh9qcnap2mycp56qjrgza3cc8ylrh8fecp0 (the sole address that directly funded the named consolidation address bc1qq85v2c926eg6pgxhwp6q7lf6cnsz80qs3fcu9r within the target block range) and is itself confirmed inside that same block range.,"tools/onchain/trace_cluster.py (mempool.space API, live query)"
f827c55c8ab85116217fe5c0c1cec36ea35b481695c5a5dc3014e128d5105364,960188,0000000000000000000186e53ea105d0d9b8453d14666b2bee16b68510544fe4,2026-07-30T01:36:08+00:00,1,258850928,1,258847628,3300,30.137,v0_p2wpkh,v0_p2wpkh,bc1qnk4zh9qcnap2mycp56qjrgza3cc8ylrh8fecp0,sweep-funding-tx,high,Pays bc1qnk4zh9qcnap2mycp56qjrgza3cc8ylrh8fecp0 (the sole address that directly funded the named consolidation address bc1qq85v2c926eg6pgxhwp6q7lf6cnsz80qs3fcu9r within the target block range) and is itself confirmed inside that same block range.,"tools/onchain/trace_cluster.py (mempool.space API, live query)"
fa7f8d917138fe855daa3b156dcc25a3afe584bd4f9874fad1dccf82fa35c2b4,960188,0000000000000000000186e53ea105d0d9b8453d14666b2bee16b68510544fe4,2026-07-30T01:36:08+00:00,2,203795815,1,203790475,5340,30.127,v0_p2wpkh,v0_p2wpkh,bc1qnk4zh9qcnap2mycp56qjrgza3cc8ylrh8fecp0,sweep-funding-tx,high,Pays bc1qnk4zh9qcnap2mycp56qjrgza3cc8ylrh8fecp0 (the sole address that directly funded the named consolidation address bc1qq85v2c926eg6pgxhwp6q7lf6cnsz80qs3fcu9r within the target block range) and is itself confirmed inside that same block range.,"tools/onchain/trace_cluster.py (mempool.space API, live query)"
fabcf8b3daa3f9bee7f89c5dc911f5507028db92c1fde81e6caaf4a7b8e428ab,960188,0000000000000000000186e53ea105d0d9b8453d14666b2bee16b68510544fe4,2026-07-30T01:36:08+00:00,1,289970000,1,289966700,3300,30.206,v0_p2wpkh,v0_p2wpkh,bc1qnk4zh9qcnap2mycp56qjrgza3cc8ylrh8fecp0,sweep-funding-tx,high,Pays bc1qnk4zh9qcnap2mycp56qjrgza3cc8ylrh8fecp0 (the sole address that directly funded the named consolidation address bc1qq85v2c926eg6pgxhwp6q7lf6cnsz80qs3fcu9r within the target block range) and is itself confirmed inside that same block range.,"tools/onchain/trace_cluster.py (mempool.space API, live query)"
fb709372b9fdf776d7e042115ccf572ee64a513370b83352518a73bce2eba83f,960188,0000000000000000000186e53ea105d0d9b8453d14666b2bee16b68510544fe4,2026-07-30T01:36:08+00:00,1,500000000,1,499996700,3300,30.206,v0_p2wpkh,v0_p2wpkh,bc1qnk4zh9qcnap2mycp56qjrgza3cc8ylrh8fecp0,sweep-funding-tx,high,Pays bc1qnk4zh9qcnap2mycp56qjrgza3cc8ylrh8fecp0 (the sole address that directly funded the named consolidation address bc1qq85v2c926eg6pgxhwp6q7lf6cnsz80qs3fcu9r within the target block range) and is itself confirmed inside that same block range.,"tools/onchain/trace_cluster.py (mempool.space API, live query)"
00388d2eaf3e72d82f4244baae5d21374ceb22e9a666de9aa2bf20f8ab794c11,960189,000000000000000000013f7dbd45306e3c040eaa1c727cc48e69fb6cb182f7dd,2026-07-30T01:37:21+00:00,1,89791712,1,89788412,3300,30.137,v0_p2wpkh,v0_p2wpkh,bc1qnk4zh9qcnap2mycp56qjrgza3cc8ylrh8fecp0,sweep-funding-tx,high,Pays bc1qnk4zh9qcnap2mycp56qjrgza3cc8ylrh8fecp0 (the sole address that directly funded the named consolidation address bc1qq85v2c926eg6pgxhwp6q7lf6cnsz80qs3fcu9r within the target block range) and is itself confirmed inside that same block range.,"tools/onchain/trace_cluster.py (mempool.space API, live query)"
00c06438aa70b8f25b9dab44801bc6ba31a6e6d833c3ff0dcdf52d829378bbd6,960189,000000000000000000013f7dbd45306e3c040eaa1c727cc48e69fb6cb182f7dd,2026-07-30T01:37:21+00:00,1,131196206,1,131192906,3300,30.206,v0_p2wpkh,v0_p2wpkh,bc1qnk4zh9qcnap2mycp56qjrgza3cc8ylrh8fecp0,sweep-funding-tx,high,Pays bc1qnk4zh9qcnap2mycp56qjrgza3cc8ylrh8fecp0 (the sole address that directly funded the named consolidation address bc1qq85v2c926eg6pgxhwp6q7lf6cnsz80qs3fcu9r within the target block range) and is itself confirmed inside that same block range.,"tools/onchain/trace_cluster.py (mempool.space API, live query)"
04898ceb962599f9129d5d09779a54c0d2c440ff0e859dc0b4f88a61210c7e42,960189,000000000000000000013f7dbd45306e3c040eaa1c727cc48e69fb6cb182f7dd,2026-07-30T01:37:21+00:00,1,130000000,1,129996700,3300,30.206,v0_p2wpkh,v0_p2wpkh,bc1qnk4zh9qcnap2mycp56qjrgza3cc8ylrh8fecp0,sweep-funding-tx,high,Pays bc1qnk4zh9qcnap2mycp56qjrgza3cc8ylrh8fecp0 (the sole address that directly funded the named consolidation address bc1qq85v2c926eg6pgxhwp6q7lf6cnsz80qs3fcu9r within the target block range) and is itself confirmed inside that same block range.,"tools/onchain/trace_cluster.py (mempool.space API, live query)"
048d6cec58e19171b07b3c2d3c410dae640d205841a42a3ec98dccf423d308ad,960189,000000000000000000013f7dbd45306e3c040eaa1c727cc48e69fb6cb182f7dd,2026-07-30T01:37:21+00:00,13,68404893,1,68377113,27780,30.057,v0_p2wpkh,v0_p2wpkh,bc1qnk4zh9qcnap2mycp56qjrgza3cc8ylrh8fecp0,sweep-funding-tx,high,Pays bc1qnk4zh9qcnap2mycp56qjrgza3cc8ylrh8fecp0 (the sole address that directly funded the named consolidation address bc1qq85v2c926eg6pgxhwp6q7lf6cnsz80qs3fcu9r within the target block range) and is itself confirmed inside that same block range.,"tools/onchain/trace_cluster.py (mempool.space API, live query)"
0532f863bd8e06ca6df273b1cd14dcdd9e4786b11f63540fd51955024c741deb,960189,000000000000000000013f7dbd45306e3c040eaa1c727cc48e69fb6cb182f7dd,2026-07-30T01:37:21+00:00,105,69145962,1,68930502,215460,30.059,v0_p2wpkh,v0_p2wpkh,bc1qnk4zh9qcnap2mycp56qjrgza3cc8ylrh8fecp0,sweep-funding-tx,high,Pays bc1qnk4zh9qcnap2mycp56qjrgza3cc8ylrh8fecp0 (the sole address that directly funded the named consolidation address bc1qq85v2c926eg6pgxhwp6q7lf6cnsz80qs3fcu9r within the target block range) and is itself confirmed inside that same block range.,"tools/onchain/trace_cluster.py (mempool.space API, live query)"
06fcd46b9d5987c595b04d7202c28269ec41606d4f7bf5f359f9bf9e209713ef,960189,000000000000000000013f7dbd45306e3c040eaa1c727cc48e69fb6cb182f7dd,2026-07-30T01:37:21+00:00,1,135935652,1,135932352,3300,30.206,v0_p2wpkh,v0_p2wpkh,bc1qnk4zh9qcnap2mycp56qjrgza3cc8ylrh8fecp0,sweep-funding-tx,high,Pays bc1qnk4zh9qcnap2mycp56qjrgza3cc8ylrh8fecp0 (the sole address that directly funded the named consolidation address bc1qq85v2c926eg6pgxhwp6q7lf6cnsz80qs3fcu9r within the target block range) and is itself confirmed inside that same block range.,"tools/onchain/trace_cluster.py (mempool.space API, live query)"
083786b907bf459d736ad2849b34910563addf93f524e815e19a081039a6ec49,960189,000000000000000000013f7dbd45306e3c040eaa1c727cc48e69fb6cb182f7dd,2026-07-30T01:37:21+00:00,1,184679573,1,184676273,3300,30.206,v0_p2wpkh,v0_p2wpkh,bc1qnk4zh9qcnap2mycp56qjrgza3cc8ylrh8fecp0,sweep-funding-tx,high,Pays bc1qnk4zh9qcnap2mycp56qjrgza3cc8ylrh8fecp0 (the sole address that directly funded the named consolidation address bc1qq85v2c926eg6pgxhwp6q7lf6cnsz80qs3fcu9r within the target block range) and is itself confirmed inside that same block range.,"tools/onchain/trace_cluster.py (mempool.space API, live query)"
0e16046da083a2141f64264ff9a2d482b1ab927c7fbbec51cd066afba259147c,960189,000000000000000000013f7dbd45306e3c040eaa1c727cc48e69fb6cb182f7dd,2026-07-30T01:37:21+00:00,1,70036154,1,70032854,3300,30.206,v0_p2wpkh,v0_p2wpkh,bc1qnk4zh9qcnap2mycp56qjrgza3cc8ylrh8fecp0,sweep-funding-tx,high,Pays bc1qnk4zh9qcnap2mycp56qjrgza3cc8ylrh8fecp0 (the sole address that directly funded the named consolidation address bc1qq85v2c926eg6pgxhwp6q7lf6cnsz80qs3fcu9r within the target block range) and is itself confirmed inside that same block range.,"tools/onchain/trace_cluster.py (mempool.space API, live query)"
0e24548db36994f44475e1fc6a0cead5ef581f5b434bcb333a96962125f4a62f,960189,000000000000000000013f7dbd45306e3c040eaa1c727cc48e69fb6cb182f7dd,2026-07-30T01:37:21+00:00,1,65628924,1,65625624,3300,30.137,v0_p2wpkh,v0_p2wpkh,bc1qnk4zh9qcnap2mycp56qjrgza3cc8ylrh8fecp0,sweep-funding-tx,high,Pays bc1qnk4zh9qcnap2mycp56qjrgza3cc8ylrh8fecp0 (the sole address that directly funded the named consolidation address bc1qq85v2c926eg6pgxhwp6q7lf6cnsz80qs3fcu9r within the target block range) and is itself confirmed inside that same block range.,"tools/onchain/trace_cluster.py (mempool.space API, live query)"
0fcd2579f33f9d2c61d49a8d5ec965a54c4d107a98b055ff95f0181a905d8e49,960189,000000000000000000013f7dbd45306e3c040eaa1c727cc48e69fb6cb182f7dd,2026-07-30T01:37:21+00:00,1,94686969,1,94683669,3300,30.206,v0_p2wpkh,v0_p2wpkh,bc1qnk4zh9qcnap2mycp56qjrgza3cc8ylrh8fecp0,sweep-funding-tx,high,Pays bc1qnk4zh9qcnap2mycp56qjrgza3cc8ylrh8fecp0 (the sole address that directly funded the named consolidation address bc1qq85v2c926eg6pgxhwp6q7lf6cnsz80qs3fcu9r within the target block range) and is itself confirmed inside that same block range.,"tools/onchain/trace_cluster.py (mempool.space API, live query)"
16befc1e192ef1b16c40e21dd9891d48698bdd971d0b47e490aa5e875b80b076,960189,000000000000000000013f7dbd45306e3c040eaa1c727cc48e69fb6cb182f7dd,2026-07-30T01:37:21+00:00,1,105041685,1,105038385,3300,30.137,v0_p2wpkh,v0_p2wpkh,bc1qnk4zh9qcnap2mycp56qjrgza3cc8ylrh8fecp0,sweep-funding-tx,high,Pays bc1qnk4zh9qcnap2mycp56qjrgza3cc8ylrh8fecp0 (the sole address that directly funded the named consolidation address bc1qq85v2c926eg6pgxhwp6q7lf6cnsz80qs3fcu9r within the target block range) and is itself confirmed inside that same block range.,"tools/onchain/trace_cluster.py (mempool.space API, live query)"
1920e52ae427f0a41ea7ea7541a2596d439db547dee23a69dcfad4f12011a160,960189,000000000000000000013f7dbd45306e3c040eaa1c727cc48e69fb6cb182f7dd,2026-07-30T01:37:21+00:00,71,186457508,1,186141008,316500,30.103,p2pkh,v0_p2wpkh,bc1qnk4zh9qcnap2mycp56qjrgza3cc8ylrh8fecp0,sweep-funding-tx,high,Pays bc1qnk4zh9qcnap2mycp56qjrgza3cc8ylrh8fecp0 (the sole address that directly funded the named consolidation address bc1qq85v2c926eg6pgxhwp6q7lf6cnsz80qs3fcu9r within the target block range) and is itself confirmed inside that same block range.,"tools/onchain/trace_cluster.py (mempool.space API, live query)"
19cecf4e95a5dbdfecb776919564794eadfd497424c05f4f664283da5871e969,960189,000000000000000000013f7dbd45306e3c040eaa1c727cc48e69fb6cb182f7dd,2026-07-30T01:37:21+00:00,1,100500000,1,100496700,3300,30.137,v0_p2wpkh,v0_p2wpkh,bc1qnk4zh9qcnap2mycp56qjrgza3cc8ylrh8fecp0,sweep-funding-tx,high,Pays bc1qnk4zh9qcnap2mycp56qjrgza3cc8ylrh8fecp0 (the sole address that directly funded the named consolidation address bc1qq85v2c926eg6pgxhwp6q7lf6cnsz80qs3fcu9r within the target block range) and is itself confirmed inside that same block range.,"tools/onchain/trace_cluster.py (mempool.space API, live query)"
1a40dabd5d3fc6429dd289c8044e206e1ead7108b2c4385d193ce29f5a07a0a3,960189,000000000000000000013f7dbd45306e3c040eaa1c727cc48e69fb6cb182f7dd,2026-07-30T01:37:21+00:00,1,82706920,1,82703620,3300,30.206,v0_p2wpkh,v0_p2wpkh,bc1qnk4zh9qcnap2mycp56qjrgza3cc8ylrh8fecp0,sweep-funding-tx,high,Pays bc1qnk4zh9qcnap2mycp56qjrgza3cc8ylrh8fecp0 (the sole address that directly funded the named consolidation address bc1qq85v2c926eg6pgxhwp6q7lf6cnsz80qs3fcu9r within the target block range) and is itself confirmed inside that same block range.,"tools/onchain/trace_cluster.py (mempool.space API, live query)"
1b16a0dd5b1bdc832b64a0958645dfc7b8156e8ad39ef1f860957dfb019a15d2,960189,000000000000000000013f7dbd45306e3c040eaa1c727cc48e69fb6cb182f7dd,2026-07-30T01:37:21+00:00,1,100000000,1,99996700,3300,30.206,v0_p2wpkh,v0_p2wpkh,bc1qnk4zh9qcnap2mycp56qjrgza3cc8ylrh8fecp0,sweep-funding-tx,high,Pays bc1qnk4zh9qcnap2mycp56qjrgza3cc8ylrh8fecp0 (the sole address that directly funded the named consolidation address bc1qq85v2c926eg6pgxhwp6q7lf6cnsz80qs3fcu9r within the target block range) and is itself confirmed inside that same block range.,"tools/onchain/trace_cluster.py (mempool.space API, live query)"
1e3bbcc05ea38f45fabd035b425109d29ffe3fc07c4cb7e19db07d74beafecf8,960189,000000000000000000013f7dbd45306e3c040eaa1c727cc48e69fb6cb182f7dd,2026-07-30T01:37:21+00:00,1,101267657,1,101264357,3300,30.206,v0_p2wpkh,v0_p2wpkh,bc1qnk4zh9qcnap2mycp56qjrgza3cc8ylrh8fecp0,sweep-funding-tx,high,Pays bc1qnk4zh9qcnap2mycp56qjrgza3cc8ylrh8fecp0 (the sole address that directly funded the named consolidation address bc1qq85v2c926eg6pgxhwp6q7lf6cnsz80qs3fcu9r within the target block range) and is itself confirmed inside that same block range.,"tools/onchain/trace_cluster.py (mempool.space API, live query)"
1f5ba6bf776625c70e06914edfbbdcdce74ce20ccc566ba4e847a204a806aecf,960189,000000000000000000013f7dbd45306e3c040eaa1c727cc48e69fb6cb182f7dd,2026-07-30T01:37:21+00:00,1,134998200,1,134994900,3300,30.137,v0_p2wpkh,v0_p2wpkh,bc1qnk4zh9qcnap2mycp56qjrgza3cc8ylrh8fecp0,sweep-funding-tx,high,Pays bc1qnk4zh9qcnap2mycp56qjrgza3cc8ylrh8fecp0 (the sole address that directly funded the named consolidation address bc1qq85v2c926eg6pgxhwp6q7lf6cnsz80qs3fcu9r within the target block range) and is itself confirmed inside that same block range.,"tools/onchain/trace_cluster.py (mempool.space API, live query)"
247ec608130ca71675b91f778624afe4cc1313aeac9e4752436fa340878cd9f6,960189,000000000000000000013f7dbd45306e3c040eaa1c727cc48e69fb6cb182f7dd,2026-07-30T01:37:21+00:00,1,64197381,1,64194081,3300,30.137,v0_p2wpkh,v0_p2wpkh,bc1qnk4zh9qcnap2mycp56qjrgza3cc8ylrh8fecp0,sweep-funding-tx,high,Pays bc1qnk4zh9qcnap2mycp56qjrgza3cc8ylrh8fecp0 (the sole address that directly funded the named consolidation address bc1qq85v2c926eg6pgxhwp6q7lf6cnsz80qs3fcu9r within the target block range) and is itself confirmed inside that same block range.,"tools/onchain/trace_cluster.py (mempool.space API, live query)"
2d7e5bf51183448bacb2ea0ed066f47e688f6c87dbdcf71efbd01477c215237d,960189,000000000000000000013f7dbd45306e3c040eaa1c727cc48e69fb6cb182f7dd,2026-07-30T01:37:21+00:00,1,123578491,1,123575191,3300,30.206,v0_p2wpkh,v0_p2wpkh,bc1qnk4zh9qcnap2mycp56qjrgza3cc8ylrh8fecp0,sweep-funding-tx,high,Pays bc1qnk4zh9qcnap2mycp56qjrgza3cc8ylrh8fecp0 (the sole address that directly funded the named consolidation address bc1qq85v2c926eg6pgxhwp6q7lf6cnsz80qs3fcu9r within the target block range) and is itself confirmed inside that same block range.,"tools/onchain/trace_cluster.py (mempool.space API, live query)"
2fe075cf0ec799f3529ed6a28e0a08b45fe1fc9bd93c3f33bdbc42d5bff4f736,960189,000000000000000000013f7dbd45306e3c040eaa1c727cc48e69fb6cb182f7dd,2026-07-30T01:37:21+00:00,5,78962661,1,78951201,11460,30.059,v0_p2wpkh,v0_p2wpkh,bc1qnk4zh9qcnap2mycp56qjrgza3cc8ylrh8fecp0,sweep-funding-tx,high,Pays bc1qnk4zh9qcnap2mycp56qjrgza3cc8ylrh8fecp0 (the sole address that directly funded the named consolidation address bc1qq85v2c926eg6pgxhwp6q7lf6cnsz80qs3fcu9r within the target block range) and is itself confirmed inside that same block range.,"tools/onchain/trace_cluster.py (mempool.space API, live query)"
318fb3e2ce79de11d2758a78d5f6e549a975b50840dcb91873e7955fdcf069f6,960189,000000000000000000013f7dbd45306e3c040eaa1c727cc48e69fb6cb182f7dd,2026-07-30T01:37:21+00:00,1,66722672,1,66719372,3300,30.137,v0_p2wpkh,v0_p2wpkh,bc1qnk4zh9qcnap2mycp56qjrgza3cc8ylrh8fecp0,sweep-funding-tx,high,Pays bc1qnk4zh9qcnap2mycp56qjrgza3cc8ylrh8fecp0 (the sole address that directly funded the named consolidation address bc1qq85v2c926eg6pgxhwp6q7lf6cnsz80qs3fcu9r within the target block range) and is itself confirmed inside that same block range.,"tools/onchain/trace_cluster.py (mempool.space API, live query)"
3232f513b9b33226921ca63fce93545bd6e9804abfcc6cc7031afc208e61b97a,960189,000000000000000000013f7dbd45306e3c040eaa1c727cc48e69fb6cb182f7dd,2026-07-30T01:37:21+00:00,1,134377744,1,134374444,3300,30.206,v0_p2wpkh,v0_p2wpkh,bc1qnk4zh9qcnap2mycp56qjrgza3cc8ylrh8fecp0,sweep-funding-tx,high,Pays bc1qnk4zh9qcnap2mycp56qjrgza3cc8ylrh8fecp0 (the sole address that directly funded the named consolidation address bc1qq85v2c926eg6pgxhwp6q7lf6cnsz80qs3fcu9r within the target block range) and is itself confirmed inside that same block range.,"tools/onchain/trace_cluster.py (mempool.space API, live query)"
32bc074a244d5de42a73c080fa5735954c872a5d7d157926994d5aafb2bce6d5,960189,000000000000000000013f7dbd45306e3c040eaa1c727cc48e69fb6cb182f7dd,2026-07-30T01:37:21+00:00,1,200010892,1,200007592,3300,30.137,v0_p2wpkh,v0_p2wpkh,bc1qnk4zh9qcnap2mycp56qjrgza3cc8ylrh8fecp0,sweep-funding-tx,high,Pays bc1qnk4zh9qcnap2mycp56qjrgza3cc8ylrh8fecp0 (the sole address that directly funded the named consolidation address bc1qq85v2c926eg6pgxhwp6q7lf6cnsz80qs3fcu9r within the target block range) and is itself confirmed inside that same block range.,"tools/onchain/trace_cluster.py (mempool.space API, live query)"
35330b670020ff7134927e68655d45e430715ab94f9e461fe9c43c45e5a5fead,960189,000000000000000000013f7dbd45306e3c040eaa1c727cc48e69fb6cb182f7dd,2026-07-30T01:37:21+00:00,2,120000000,1,119994660,5340,30.127,v0_p2wpkh,v0_p2wpkh,bc1qnk4zh9qcnap2mycp56qjrgza3cc8ylrh8fecp0,sweep-funding-tx,high,Pays bc1qnk4zh9qcnap2mycp56qjrgza3cc8ylrh8fecp0 (the sole address that directly funded the named consolidation address bc1qq85v2c926eg6pgxhwp6q7lf6cnsz80qs3fcu9r within the target block range) and is itself confirmed inside that same block range.,"tools/onchain/trace_cluster.py (mempool.space API, live query)"
3e010c58c4205edaddad452a0d7b9dcf5f07952e5334f0fdade23d6e98f675a5,960189,000000000000000000013f7dbd45306e3c040eaa1c727cc48e69fb6cb182f7dd,2026-07-30T01:37:21+00:00,1,61277052,1,61273752,3300,30.137,v0_p2wpkh,v0_p2wpkh,bc1qnk4zh9qcnap2mycp56qjrgza3cc8ylrh8fecp0,sweep-funding-tx,high,Pays bc1qnk4zh9qcnap2mycp56qjrgza3cc8ylrh8fecp0 (the sole address that directly funded the named consolidation address bc1qq85v2c926eg6pgxhwp6q7lf6cnsz80qs3fcu9r within the target block range) and is itself confirmed inside that same block range.,"tools/onchain/trace_cluster.py (mempool.space API, live query)"
410c1bce7c167ce5fdca196011fe6079f8fb92dbd543f3081375e28bdbb84bee,960189,000000000000000000013f7dbd45306e3c040eaa1c727cc48e69fb6cb182f7dd,2026-07-30T01:37:21+00:00,1,74334420,1,74331120,3300,30.206,v0_p2wpkh,v0_p2wpkh,bc1qnk4zh9qcnap2mycp56qjrgza3cc8ylrh8fecp0,sweep-funding-tx,high,Pays bc1qnk4zh9qcnap2mycp56qjrgza3cc8ylrh8fecp0 (the sole address that directly funded the named consolidation address bc1qq85v2c926eg6pgxhwp6q7lf6cnsz80qs3fcu9r within the target block range) and is itself confirmed inside that same block range.,"tools/onchain/trace_cluster.py (mempool.space API, live query)"
418846d41c8cfe3f014e00d03a27537e454b42669b0d278d63843ac2520bd687,960189,000000000000000000013f7dbd45306e3c040eaa1c727cc48e69fb6cb182f7dd,2026-07-30T01:37:21+00:00,1,100000000,1,99996700,3300,30.137,v0_p2wpkh,v0_p2wpkh,bc1qnk4zh9qcnap2mycp56qjrgza3cc8ylrh8fecp0,sweep-funding-tx,high,Pays bc1qnk4zh9qcnap2mycp56qjrgza3cc8ylrh8fecp0 (the sole address that directly funded the named consolidation address bc1qq85v2c926eg6pgxhwp6q7lf6cnsz80qs3fcu9r within the target block range) and is itself confirmed inside that same block range.,"tools/onchain/trace_cluster.py (mempool.space API, live query)"
4324ee629252ef7a76d26321b4f143761ebd470ff8f013a7ea6250734176d066,960189,000000000000000000013f7dbd45306e3c040eaa1c727cc48e69fb6cb182f7dd,2026-07-30T01:37:21+00:00,1,96338248,1,96334948,3300,30.137,v0_p2wpkh,v0_p2wpkh,bc1qnk4zh9qcnap2mycp56qjrgza3cc8ylrh8fecp0,sweep-funding-tx,high,Pays bc1qnk4zh9qcnap2mycp56qjrgza3cc8ylrh8fecp0 (the sole address that directly funded the named consolidation address bc1qq85v2c926eg6pgxhwp6q7lf6cnsz80qs3fcu9r within the target block range) and is itself confirmed inside that same block range.,"tools/onchain/trace_cluster.py (mempool.space API, live query)"
4712e1425cd6b1610cd3e47ba29f28a5f571ca528baf677e563eb5c53c9017c9,960189,000000000000000000013f7dbd45306e3c040eaa1c727cc48e69fb6cb182f7dd,2026-07-30T01:37:21+00:00,1,67570576,1,67567276,3300,30.206,v0_p2wpkh,v0_p2wpkh,bc1qnk4zh9qcnap2mycp56qjrgza3cc8ylrh8fecp0,sweep-funding-tx,high,Pays bc1qnk4zh9qcnap2mycp56qjrgza3cc8ylrh8fecp0 (the sole address that directly funded the named consolidation address bc1qq85v2c926eg6pgxhwp6q7lf6cnsz80qs3fcu9r within the target block range) and is itself confirmed inside that same block range.,"tools/onchain/trace_cluster.py (mempool.space API, live query)"
4a31c7f404f83de90a51d195292dbe5b689cee2c7b3f1a4b7bebaae939c5b1df,960189,000000000000000000013f7dbd45306e3c040eaa1c727cc48e69fb6cb182f7dd,2026-07-30T01:37:21+00:00,1,155000000,1,154996700,3300,30.137,v0_p2wpkh,v0_p2wpkh,bc1qnk4zh9qcnap2mycp56qjrgza3cc8ylrh8fecp0,sweep-funding-tx,high,Pays bc1qnk4zh9qcnap2mycp56qjrgza3cc8ylrh8fecp0 (the sole address that directly funded the named consolidation address bc1qq85v2c926eg6pgxhwp6q7lf6cnsz80qs3fcu9r within the target block range) and is itself confirmed inside that same block range.,"tools/onchain/trace_cluster.py (mempool.space API, live query)"
4ab0448e97f56d0d0be08bb5b7f0248484a162259cbc2420ced0b7e752535dc7,960189,000000000000000000013f7dbd45306e3c040eaa1c727cc48e69fb6cb182f7dd,2026-07-30T01:37:21+00:00,1,61272134,1,61268834,3300,30.137,v0_p2wpkh,v0_p2wpkh,bc1qnk4zh9qcnap2mycp56qjrgza3cc8ylrh8fecp0,sweep-funding-tx,high,Pays bc1qnk4zh9qcnap2mycp56qjrgza3cc8ylrh8fecp0 (the sole address that directly funded the named consolidation address bc1qq85v2c926eg6pgxhwp6q7lf6cnsz80qs3fcu9r within the target block range) and is itself confirmed inside that same block range.,"tools/onchain/trace_cluster.py (mempool.space API, live query)"
4d31fec8aa993dbb07e1f48b6387bde6b5a5b919d56b34c9b1139dbb62d61689,960189,000000000000000000013f7dbd45306e3c040eaa1c727cc48e69fb6cb182f7dd,2026-07-30T01:37:21+00:00,1,100000000,1,99996700,3300,30.137,v0_p2wpkh,v0_p2wpkh,bc1qnk4zh9qcnap2mycp56qjrgza3cc8ylrh8fecp0,sweep-funding-tx,high,Pays bc1qnk4zh9qcnap2mycp56qjrgza3cc8ylrh8fecp0 (the sole address that directly funded the named consolidation address bc1qq85v2c926eg6pgxhwp6q7lf6cnsz80qs3fcu9r within the target block range) and is itself confirmed inside that same block range.,"tools/onchain/trace_cluster.py (mempool.space API, live query)"
4f4b4ff47ef889c65e1a8dfe203196944f3b98e0e3f93b1bb707b42e53c4c486,960189,000000000000000000013f7dbd45306e3c040eaa1c727cc48e69fb6cb182f7dd,2026-07-30T01:37:21+00:00,1,167991107,1,167987807,3300,30.137,v0_p2wpkh,v0_p2wpkh,bc1qnk4zh9qcnap2mycp56qjrgza3cc8ylrh8fecp0,sweep-funding-tx,high,Pays bc1qnk4zh9qcnap2mycp56qjrgza3cc8ylrh8fecp0 (the sole address that directly funded the named consolidation address bc1qq85v2c926eg6pgxhwp6q7lf6cnsz80qs3fcu9r within the target block range) and is itself confirmed inside that same block range.,"tools/onchain/trace_cluster.py (mempool.space API, live query)"
5371bb25e76dcb60dba7551a09e3e143b52ab7eece91c738c78620ff5c7db0e4,960189,000000000000000000013f7dbd45306e3c040eaa1c727cc48e69fb6cb182f7dd,2026-07-30T01:37:21+00:00,1,128893871,1,128890571,3300,30.206,v0_p2wpkh,v0_p2wpkh,bc1qnk4zh9qcnap2mycp56qjrgza3cc8ylrh8fecp0,sweep-funding-tx,high,Pays bc1qnk4zh9qcnap2mycp56qjrgza3cc8ylrh8fecp0 (the sole address that directly funded the named consolidation address bc1qq85v2c926eg6pgxhwp6q7lf6cnsz80qs3fcu9r within the target block range) and is itself confirmed inside that same block range.,"tools/onchain/trace_cluster.py (mempool.space API, live query)"
55a3ebd8cb281504631bf679b972a4980b6e9a6c3b1810889f8f494c76d39136,960189,000000000000000000013f7dbd45306e3c040eaa1c727cc48e69fb6cb182f7dd,2026-07-30T01:37:21+00:00,1,100000000,1,99996700,3300,30.137,v0_p2wpkh,v0_p2wpkh,bc1qnk4zh9qcnap2mycp56qjrgza3cc8ylrh8fecp0,sweep-funding-tx,high,Pays bc1qnk4zh9qcnap2mycp56qjrgza3cc8ylrh8fecp0 (the sole address that directly funded the named consolidation address bc1qq85v2c926eg6pgxhwp6q7lf6cnsz80qs3fcu9r within the target block range) and is itself confirmed inside that same block range.,"tools/onchain/trace_cluster.py (mempool.space API, live query)"
5939dcd08f489148163aa03bf6d28722833321f20d40523e069017e9faa14f9d,960189,000000000000000000013f7dbd45306e3c040eaa1c727cc48e69fb6cb182f7dd,2026-07-30T01:37:21+00:00,1,100000000,1,99996700,3300,30.206,v0_p2wpkh,v0_p2wpkh,bc1qnk4zh9qcnap2mycp56qjrgza3cc8ylrh8fecp0,sweep-funding-tx,high,Pays bc1qnk4zh9qcnap2mycp56qjrgza3cc8ylrh8fecp0 (the sole address that directly funded the named consolidation address bc1qq85v2c926eg6pgxhwp6q7lf6cnsz80qs3fcu9r within the target block range) and is itself confirmed inside that same block range.,"tools/onchain/trace_cluster.py (mempool.space API, live query)"
5a63c20aba3188b23464eed8986d731e6e01eaa681e7cedf9548d06a3d993bef,960189,000000000000000000013f7dbd45306e3c040eaa1c727cc48e69fb6cb182f7dd,2026-07-30T01:37:21+00:00,1,134359494,1,134356194,3300,30.206,v0_p2wpkh,v0_p2wpkh,bc1qnk4zh9qcnap2mycp56qjrgza3cc8ylrh8fecp0,sweep-funding-tx,high,Pays bc1qnk4zh9qcnap2mycp56qjrgza3cc8ylrh8fecp0 (the sole address that directly funded the named consolidation address bc1qq85v2c926eg6pgxhwp6q7lf6cnsz80qs3fcu9r within the target block range) and is itself confirmed inside that same block range.,"tools/onchain/trace_cluster.py (mempool.space API, live query)"
5d97bc612dc3ea053ffb4795eb7ea1d6897ee9e3f650c46f40e01d201606bc1a,960189,000000000000000000013f7dbd45306e3c040eaa1c727cc48e69fb6cb182f7dd,2026-07-30T01:37:21+00:00,1,75665284,1,75661984,3300,30.137,v0_p2wpkh,v0_p2wpkh,bc1qnk4zh9qcnap2mycp56qjrgza3cc8ylrh8fecp0,sweep-funding-tx,high,Pays bc1qnk4zh9qcnap2mycp56qjrgza3cc8ylrh8fecp0 (the sole address that directly funded the named consolidation address bc1qq85v2c926eg6pgxhwp6q7lf6cnsz80qs3fcu9r within the target block range) and is itself confirmed inside that same block range.,"tools/onchain/trace_cluster.py (mempool.space API, live query)"
5e2377247bcc15136117662cb9b30792248bd3fb08528145271aa080add020c6,960189,000000000000000000013f7dbd45306e3c040eaa1c727cc48e69fb6cb182f7dd,2026-07-30T01:37:21+00:00,1,100164406,1,100161106,3300,30.137,v0_p2wpkh,v0_p2wpkh,bc1qnk4zh9qcnap2mycp56qjrgza3cc8ylrh8fecp0,sweep-funding-tx,high,Pays bc1qnk4zh9qcnap2mycp56qjrgza3cc8ylrh8fecp0 (the sole address that directly funded the named consolidation address bc1qq85v2c926eg6pgxhwp6q7lf6cnsz80qs3fcu9r within the target block range) and is itself confirmed inside that same block range.,"tools/onchain/trace_cluster.py (mempool.space API, live query)"
637fd121296572ee4e3f0cad67110e3a03e1f16d23e751ede1b0dade811ca3ff,960189,000000000000000000013f7dbd45306e3c040eaa1c727cc48e69fb6cb182f7dd,2026-07-30T01:37:21+00:00,1,113068365,1,113065065,3300,30.206,v0_p2wpkh,v0_p2wpkh,bc1qnk4zh9qcnap2mycp56qjrgza3cc8ylrh8fecp0,sweep-funding-tx,high,Pays bc1qnk4zh9qcnap2mycp56qjrgza3cc8ylrh8fecp0 (the sole address that directly funded the named consolidation address bc1qq85v2c926eg6pgxhwp6q7lf6cnsz80qs3fcu9r within the target block range) and is itself confirmed inside that same block range.,"tools/onchain/trace_cluster.py (mempool.space API, live query)"
661289527be96e30b058d6d7b02bb57cb10d43fb444c415a8de331cb4ad7d374,960189,000000000000000000013f7dbd45306e3c040eaa1c727cc48e69fb6cb182f7dd,2026-07-30T01:37:21+00:00,1,64953083,1,64949783,3300,30.206,v0_p2wpkh,v0_p2wpkh,bc1qnk4zh9qcnap2mycp56qjrgza3cc8ylrh8fecp0,sweep-funding-tx,high,Pays bc1qnk4zh9qcnap2mycp56qjrgza3cc8ylrh8fecp0 (the sole address that directly funded the named consolidation address bc1qq85v2c926eg6pgxhwp6q7lf6cnsz80qs3fcu9r within the target block range) and is itself confirmed inside that same block range.,"tools/onchain/trace_cluster.py (mempool.space API, live query)"
6a143dcad0f1dda03720c56b17bf839fa042bca85a0014ff9d05ef793faa7d66,960189,000000000000000000013f7dbd45306e3c040eaa1c727cc48e69fb6cb182f7dd,2026-07-30T01:37:21+00:00,3,61775085,1,61767705,7380,30.122,v0_p2wpkh,v0_p2wpkh,bc1qnk4zh9qcnap2mycp56qjrgza3cc8ylrh8fecp0,sweep-funding-tx,high,Pays bc1qnk4zh9qcnap2mycp56qjrgza3cc8ylrh8fecp0 (the sole address that directly funded the named consolidation address bc1qq85v2c926eg6pgxhwp6q7lf6cnsz80qs3fcu9r within the target block range) and is itself confirmed inside that same block range.,"tools/onchain/trace_cluster.py (mempool.space API, live query)"
6b17a4295bc2a2d0f478044f0072950bf49c209f533237f2c528c92ef69bfb15,960189,000000000000000000013f7dbd45306e3c040eaa1c727cc48e69fb6cb182f7dd,2026-07-30T01:37:21+00:00,33,115926639,1,115858059,68580,30.079,v0_p2wpkh,v0_p2wpkh,bc1qnk4zh9qcnap2mycp56qjrgza3cc8ylrh8fecp0,sweep-funding-tx,high,Pays bc1qnk4zh9qcnap2mycp56qjrgza3cc8ylrh8fecp0 (the sole address that directly funded the named consolidation address bc1qq85v2c926eg6pgxhwp6q7lf6cnsz80qs3fcu9r within the target block range) and is itself confirmed inside that same block range.,"tools/onchain/trace_cluster.py (mempool.space API, live query)"
6ebf25ef2a42b6d949e540a045898aa55aa6b341ca4c8ccf78064af2ceb41563,960189,000000000000000000013f7dbd45306e3c040eaa1c727cc48e69fb6cb182f7dd,2026-07-30T01:37:21+00:00,1,100000000,1,99996700,3300,30.206,v0_p2wpkh,v0_p2wpkh,bc1qnk4zh9qcnap2mycp56qjrgza3cc8ylrh8fecp0,sweep-funding-tx,high,Pays bc1qnk4zh9qcnap2mycp56qjrgza3cc8ylrh8fecp0 (the sole address that directly funded the named consolidation address bc1qq85v2c926eg6pgxhwp6q7lf6cnsz80qs3fcu9r within the target block range) and is itself confirmed inside that same block range.,"tools/onchain/trace_cluster.py (mempool.space API, live query)"
6ee565ae027640f36c1a695ed26f78eb1f89e281cb794bacd50e61894ce21998,960189,000000000000000000013f7dbd45306e3c040eaa1c727cc48e69fb6cb182f7dd,2026-07-30T01:37:21+00:00,1,75531197,1,75527897,3300,30.206,v0_p2wpkh,v0_p2wpkh,bc1qnk4zh9qcnap2mycp56qjrgza3cc8ylrh8fecp0,sweep-funding-tx,high,Pays bc1qnk4zh9qcnap2mycp56qjrgza3cc8ylrh8fecp0 (the sole address that directly funded the named consolidation address bc1qq85v2c926eg6pgxhwp6q7lf6cnsz80qs3fcu9r within the target block range) and is itself confirmed inside that same block range.,"tools/onchain/trace_cluster.py (mempool.space API, live query)"
741b6e5072dc0d32635b37b76c298f13e4d0f2228bb41a10db85b158218749b9,960189,000000000000000000013f7dbd45306e3c040eaa1c727cc48e69fb6cb182f7dd,2026-07-30T01:37:21+00:00,1,174912859,1,174909559,3300,30.137,v0_p2wpkh,v0_p2wpkh,bc1qnk4zh9qcnap2mycp56qjrgza3cc8ylrh8fecp0,sweep-funding-tx,high,Pays bc1qnk4zh9qcnap2mycp56qjrgza3cc8ylrh8fecp0 (the sole address that directly funded the named consolidation address bc1qq85v2c926eg6pgxhwp6q7lf6cnsz80qs3fcu9r within the target block range) and is itself confirmed inside that same block range.,"tools/onchain/trace_cluster.py (mempool.space API, live query)"
75b72fe31cbed270f204e74ff7eda3f88f1417ec1af7b3711614a4d5a855d809,960189,000000000000000000013f7dbd45306e3c040eaa1c727cc48e69fb6cb182f7dd,2026-07-30T01:37:21+00:00,1,113286377,1,113283077,3300,30.137,v0_p2wpkh,v0_p2wpkh,bc1qnk4zh9qcnap2mycp56qjrgza3cc8ylrh8fecp0,sweep-funding-tx,high,Pays bc1qnk4zh9qcnap2mycp56qjrgza3cc8ylrh8fecp0 (the sole address that directly funded the named consolidation address bc1qq85v2c926eg6pgxhwp6q7lf6cnsz80qs3fcu9r within the target block range) and is itself confirmed inside that same block range.,"tools/onchain/trace_cluster.py (mempool.space API, live query)"
765b08080845f081ff7f930ba10ddd0681fa5508c8b1ec966877fc915f2ea4d3,960189,000000000000000000013f7dbd45306e3c040eaa1c727cc48e69fb6cb182f7dd,2026-07-30T01:37:21+00:00,1,80828689,1,80825389,3300,30.137,v0_p2wpkh,v0_p2wpkh,bc1qnk4zh9qcnap2mycp56qjrgza3cc8ylrh8fecp0,sweep-funding-tx,high,Pays bc1qnk4zh9qcnap2mycp56qjrgza3cc8ylrh8fecp0 (the sole address that directly funded the named consolidation address bc1qq85v2c926eg6pgxhwp6q7lf6cnsz80qs3fcu9r within the target block range) and is itself confirmed inside that same block range.,"tools/onchain/trace_cluster.py (mempool.space API, live query)"
7891fc434db1aeb5fc37d57414e233e403f7095a3c394fcc34147ec7a0086d03,960189,000000000000000000013f7dbd45306e3c040eaa1c727cc48e69fb6cb182f7dd,2026-07-30T01:37:21+00:00,1,113968574,1,113965274,3300,30.137,v0_p2wpkh,v0_p2wpkh,bc1qnk4zh9qcnap2mycp56qjrgza3cc8ylrh8fecp0,sweep-funding-tx,high,Pays bc1qnk4zh9qcnap2mycp56qjrgza3cc8ylrh8fecp0 (the sole address that directly funded the named consolidation address bc1qq85v2c926eg6pgxhwp6q7lf6cnsz80qs3fcu9r within the target block range) and is itself confirmed inside that same block range.,"tools/onchain/trace_cluster.py (mempool.space API, live query)"
79f36d247e21d6ca16b35740aef3ec0accfd80745464805754e70f22d859f1fc,960189,000000000000000000013f7dbd45306e3c040eaa1c727cc48e69fb6cb182f7dd,2026-07-30T01:37:21+00:00,1,100043130,1,100039830,3300,30.206,v0_p2wpkh,v0_p2wpkh,bc1qnk4zh9qcnap2mycp56qjrgza3cc8ylrh8fecp0,sweep-funding-tx,high,Pays bc1qnk4zh9qcnap2mycp56qjrgza3cc8ylrh8fecp0 (the sole address that directly funded the named consolidation address bc1qq85v2c926eg6pgxhwp6q7lf6cnsz80qs3fcu9r within the target block range) and is itself confirmed inside that same block range.,"tools/onchain/trace_cluster.py (mempool.space API, live query)"
7a2ff56ffc3dfdecf80caf8b407483b1a6c7b5c65055a720920a414977c1e1b6,960189,000000000000000000013f7dbd45306e3c040eaa1c727cc48e69fb6cb182f7dd,2026-07-30T01:37:21+00:00,1,153475778,1,153472478,3300,30.137,v0_p2wpkh,v0_p2wpkh,bc1qnk4zh9qcnap2mycp56qjrgza3cc8ylrh8fecp0,sweep-funding-tx,high,Pays bc1qnk4zh9qcnap2mycp56qjrgza3cc8ylrh8fecp0 (the sole address that directly funded the named consolidation address bc1qq85v2c926eg6pgxhwp6q7lf6cnsz80qs3fcu9r within the target block range) and is itself confirmed inside that same block range.,"tools/onchain/trace_cluster.py (mempool.space API, live query)"
7a9ce30882eb0944f14acb7953be8e0dc806879d69faf73c6119aaa8a545e3f7,960189,000000000000000000013f7dbd45306e3c040eaa1c727cc48e69fb6cb182f7dd,2026-07-30T01:37:21+00:00,1,100000000,1,99996700,3300,30.137,v0_p2wpkh,v0_p2wpkh,bc1qnk4zh9qcnap2mycp56qjrgza3cc8ylrh8fecp0,sweep-funding-tx,high,Pays bc1qnk4zh9qcnap2mycp56qjrgza3cc8ylrh8fecp0 (the sole address that directly funded the named consolidation address bc1qq85v2c926eg6pgxhwp6q7lf6cnsz80qs3fcu9r within the target block range) and is itself confirmed inside that same block range.,"tools/onchain/trace_cluster.py (mempool.space API, live query)"
7c9d0f4215f37dd58264a820e72159ac30cb858f73d0bd39874d3cf753f740bf,960189,000000000000000000013f7dbd45306e3c040eaa1c727cc48e69fb6cb182f7dd,2026-07-30T01:37:21+00:00,1,94000000,1,93996700,3300,30.137,v0_p2wpkh,v0_p2wpkh,bc1qnk4zh9qcnap2mycp56qjrgza3cc8ylrh8fecp0,sweep-funding-tx,high,Pays bc1qnk4zh9qcnap2mycp56qjrgza3cc8ylrh8fecp0 (the sole address that directly funded the named consolidation address bc1qq85v2c926eg6pgxhwp6q7lf6cnsz80qs3fcu9r within the target block range) and is itself confirmed inside that same block range.,"tools/onchain/trace_cluster.py (mempool.space API, live query)"
7df1187999e6d3f546307067f19ae950bdbc83abc048870aafc3d3a1eaaaf6c6,960189,000000000000000000013f7dbd45306e3c040eaa1c727cc48e69fb6cb182f7dd,2026-07-30T01:37:21+00:00,1,200000000,1,199996700,3300,30.137,v0_p2wpkh,v0_p2wpkh,bc1qnk4zh9qcnap2mycp56qjrgza3cc8ylrh8fecp0,sweep-funding-tx,high,Pays bc1qnk4zh9qcnap2mycp56qjrgza3cc8ylrh8fecp0 (the sole address that directly funded the named consolidation address bc1qq85v2c926eg6pgxhwp6q7lf6cnsz80qs3fcu9r within the target block range) and is itself confirmed inside that same block range.,"tools/onchain/trace_cluster.py (mempool.space API, live query)"
8181b57522bb8de94964ecae008741497d5662ca4d0f9ad02978c0716edaad01,960189,000000000000000000013f7dbd45306e3c040eaa1c727cc48e69fb6cb182f7dd,2026-07-30T01:37:21+00:00,1,113994145,1,113990845,3300,30.206,v0_p2wpkh,v0_p2wpkh,bc1qnk4zh9qcnap2mycp56qjrgza3cc8ylrh8fecp0,sweep-funding-tx,high,Pays bc1qnk4zh9qcnap2mycp56qjrgza3cc8ylrh8fecp0 (the sole address that directly funded the named consolidation address bc1qq85v2c926eg6pgxhwp6q7lf6cnsz80qs3fcu9r within the target block range) and is itself confirmed inside that same block range.,"tools/onchain/trace_cluster.py (mempool.space API, live query)"
8291a8bc417badbb882f75a59b1848e94f60d3f6a6340b508ffbdc3391af98cf,960189,000000000000000000013f7dbd45306e3c040eaa1c727cc48e69fb6cb182f7dd,2026-07-30T01:37:21+00:00,1,119000000,1,118996700,3300,30.206,v0_p2wpkh,v0_p2wpkh,bc1qnk4zh9qcnap2mycp56qjrgza3cc8ylrh8fecp0,sweep-funding-tx,high,Pays bc1qnk4zh9qcnap2mycp56qjrgza3cc8ylrh8fecp0 (the sole address that directly funded the named consolidation address bc1qq85v2c926eg6pgxhwp6q7lf6cnsz80qs3fcu9r within the target block range) and is itself confirmed inside that same block range.,"tools/onchain/trace_cluster.py (mempool.space API, live query)"
89827d17b40638a855867dadae7f10eafa6c8e798ae6d9fa9a404762a0ba3998,960189,000000000000000000013f7dbd45306e3c040eaa1c727cc48e69fb6cb182f7dd,2026-07-30T01:37:21+00:00,1,101415981,1,101412681,3300,30.137,v0_p2wpkh,v0_p2wpkh,bc1qnk4zh9qcnap2mycp56qjrgza3cc8ylrh8fecp0,sweep-funding-tx,high,Pays bc1qnk4zh9qcnap2mycp56qjrgza3cc8ylrh8fecp0 (the sole address that directly funded the named consolidation address bc1qq85v2c926eg6pgxhwp6q7lf6cnsz80qs3fcu9r within the target block range) and is itself confirmed inside that same block range.,"tools/onchain/trace_cluster.py (mempool.space API, live query)"
89dd440519e13e1f657808833d8128ab940462d7025d0e2805fe1e547da69f10,960189,000000000000000000013f7dbd45306e3c040eaa1c727cc48e69fb6cb182f7dd,2026-07-30T01:37:21+00:00,1,62768725,1,62765425,3300,30.137,v0_p2wpkh,v0_p2wpkh,bc1qnk4zh9qcnap2mycp56qjrgza3cc8ylrh8fecp0,sweep-funding-tx,high,Pays bc1qnk4zh9qcnap2mycp56qjrgza3cc8ylrh8fecp0 (the sole address that directly funded the named consolidation address bc1qq85v2c926eg6pgxhwp6q7lf6cnsz80qs3fcu9r within the target block range) and is itself confirmed inside that same block range.,"tools/onchain/trace_cluster.py (mempool.space API, live query)"
904be79d815eb1523243506cbc32e49080ac3a3bf3632f80f959788d47aa90a4,960189,000000000000000000013f7dbd45306e3c040eaa1c727cc48e69fb6cb182f7dd,2026-07-30T01:37:21+00:00,6,201192996,1,201179496,13500,30.1,v0_p2wpkh,v0_p2wpkh,bc1qnk4zh9qcnap2mycp56qjrgza3cc8ylrh8fecp0,sweep-funding-tx,high,Pays bc1qnk4zh9qcnap2mycp56qjrgza3cc8ylrh8fecp0 (the sole address that directly funded the named consolidation address bc1qq85v2c926eg6pgxhwp6q7lf6cnsz80qs3fcu9r within the target block range) and is itself confirmed inside that same block range.,"tools/onchain/trace_cluster.py (mempool.space API, live query)"
92a4d29691147b895e2f42bc4256cac78924a23c90f7ffd800612f792ef3834f,960189,000000000000000000013f7dbd45306e3c040eaa1c727cc48e69fb6cb182f7dd,2026-07-30T01:37:21+00:00,1,100000000,1,99996700,3300,30.206,v0_p2wpkh,v0_p2wpkh,bc1qnk4zh9qcnap2mycp56qjrgza3cc8ylrh8fecp0,sweep-funding-tx,high,Pays bc1qnk4zh9qcnap2mycp56qjrgza3cc8ylrh8fecp0 (the sole address that directly funded the named consolidation address bc1qq85v2c926eg6pgxhwp6q7lf6cnsz80qs3fcu9r within the target block range) and is itself confirmed inside that same block range.,"tools/onchain/trace_cluster.py (mempool.space API, live query)"
937a1288f149261486c72a849831b2b4a18a4bfc7a3aa3e204763f8f9839086d,960189,000000000000000000013f7dbd45306e3c040eaa1c727cc48e69fb6cb182f7dd,2026-07-30T01:37:21+00:00,1,119565362,1,119562062,3300,30.137,v0_p2wpkh,v0_p2wpkh,bc1qnk4zh9qcnap2mycp56qjrgza3cc8ylrh8fecp0,sweep-funding-tx,high,Pays bc1qnk4zh9qcnap2mycp56qjrgza3cc8ylrh8fecp0 (the sole address that directly funded the named consolidation address bc1qq85v2c926eg6pgxhwp6q7lf6cnsz80qs3fcu9r within the target block range) and is itself confirmed inside that same block range.,"tools/onchain/trace_cluster.py (mempool.space API, live query)"
96925a5f2ab159553818ca628dd1ede066ad1bbfa238b359bbd2da489256bf66,960189,000000000000000000013f7dbd45306e3c040eaa1c727cc48e69fb6cb182f7dd,2026-07-30T01:37:21+00:00,1,100000000,1,99996700,3300,30.206,v0_p2wpkh,v0_p2wpkh,bc1qnk4zh9qcnap2mycp56qjrgza3cc8ylrh8fecp0,sweep-funding-tx,high,Pays bc1qnk4zh9qcnap2mycp56qjrgza3cc8ylrh8fecp0 (the sole address that directly funded the named consolidation address bc1qq85v2c926eg6pgxhwp6q7lf6cnsz80qs3fcu9r within the target block range) and is itself confirmed inside that same block range.,"tools/onchain/trace_cluster.py (mempool.space API, live query)"
96a7a54f4adf7a8c3cb85eb59e0c718e6b5c80e0f3b1e189e94254d257dcaa00,960189,000000000000000000013f7dbd45306e3c040eaa1c727cc48e69fb6cb182f7dd,2026-07-30T01:37:21+00:00,1,76328540,1,76325240,3300,30.137,v0_p2wpkh,v0_p2wpkh,bc1qnk4zh9qcnap2mycp56qjrgza3cc8ylrh8fecp0,sweep-funding-tx,high,Pays bc1qnk4zh9qcnap2mycp56qjrgza3cc8ylrh8fecp0 (the sole address that directly funded the named consolidation address bc1qq85v2c926eg6pgxhwp6q7lf6cnsz80qs3fcu9r within the target block range) and is itself confirmed inside that same block range.,"tools/onchain/trace_cluster.py (mempool.space API, live query)"
9772e61f774641b39288f6a40432189d9bb7df5b89f6d51fe79f1493ee186257,960189,000000000000000000013f7dbd45306e3c040eaa1c727cc48e69fb6cb182f7dd,2026-07-30T01:37:21+00:00,1,80902859,1,80899559,3300,30.137,v0_p2wpkh,v0_p2wpkh,bc1qnk4zh9qcnap2mycp56qjrgza3cc8ylrh8fecp0,sweep-funding-tx,high,Pays bc1qnk4zh9qcnap2mycp56qjrgza3cc8ylrh8fecp0 (the sole address that directly funded the named consolidation address bc1qq85v2c926eg6pgxhwp6q7lf6cnsz80qs3fcu9r within the target block range) and is itself confirmed inside that same block range.,"tools/onchain/trace_cluster.py (mempool.space API, live query)"
99ad39551ae8b61af47e70f57263991a1192e18e78fffc7447cb24117d0c6493,960189,000000000000000000013f7dbd45306e3c040eaa1c727cc48e69fb6cb182f7dd,2026-07-30T01:37:21+00:00,3,163660000,1,163652620,7380,30.153,v0_p2wpkh,v0_p2wpkh,bc1qnk4zh9qcnap2mycp56qjrgza3cc8ylrh8fecp0,sweep-funding-tx,high,Pays bc1qnk4zh9qcnap2mycp56qjrgza3cc8ylrh8fecp0 (the sole address that directly funded the named consolidation address bc1qq85v2c926eg6pgxhwp6q7lf6cnsz80qs3fcu9r within the target block range) and is itself confirmed inside that same block range.,"tools/onchain/trace_cluster.py (mempool.space API, live query)"
9c32339a8542c34e11f625953965faa15019d535a8c0ecbdcf695ad3facc60ac,960189,000000000000000000013f7dbd45306e3c040eaa1c727cc48e69fb6cb182f7dd,2026-07-30T01:37:21+00:00,1,91368000,1,91364700,3300,30.206,v0_p2wpkh,v0_p2wpkh,bc1qnk4zh9qcnap2mycp56qjrgza3cc8ylrh8fecp0,sweep-funding-tx,high,Pays bc1qnk4zh9qcnap2mycp56qjrgza3cc8ylrh8fecp0 (the sole address that directly funded the named consolidation address bc1qq85v2c926eg6pgxhwp6q7lf6cnsz80qs3fcu9r within the target block range) and is itself confirmed inside that same block range.,"tools/onchain/trace_cluster.py (mempool.space API, live query)"
9e6cc693e5cacd2eb08b876711233305f5febffe71dfcf060f40665696c3803c,960189,000000000000000000013f7dbd45306e3c040eaa1c727cc48e69fb6cb182f7dd,2026-07-30T01:37:21+00:00,1,80438070,1,80434770,3300,30.137,v0_p2wpkh,v0_p2wpkh,bc1qnk4zh9qcnap2mycp56qjrgza3cc8ylrh8fecp0,sweep-funding-tx,high,Pays bc1qnk4zh9qcnap2mycp56qjrgza3cc8ylrh8fecp0 (the sole address that directly funded the named consolidation address bc1qq85v2c926eg6pgxhwp6q7lf6cnsz80qs3fcu9r within the target block range) and is itself confirmed inside that same block range.,"tools/onchain/trace_cluster.py (mempool.space API, live query)"
9f58588bcadc6a0be11192c47f4a970a0778e6fdde28855fe135a31a82d6ccfe,960189,000000000000000000013f7dbd45306e3c040eaa1c727cc48e69fb6cb182f7dd,2026-07-30T01:37:21+00:00,1,145799069,1,145795769,3300,30.137,v0_p2wpkh,v0_p2wpkh,bc1qnk4zh9qcnap2mycp56qjrgza3cc8ylrh8fecp0,sweep-funding-tx,high,Pays bc1qnk4zh9qcnap2mycp56qjrgza3cc8ylrh8fecp0 (the sole address that directly funded the named consolidation address bc1qq85v2c926eg6pgxhwp6q7lf6cnsz80qs3fcu9r within the target block range) and is itself confirmed inside that same block range.,"tools/onchain/trace_cluster.py (mempool.space API, live query)"
a0d1368e61598b03c0cd03da0208b3fd3ad3c79eb0c6077877b17fca8d667969,960189,000000000000000000013f7dbd45306e3c040eaa1c727cc48e69fb6cb182f7dd,2026-07-30T01:37:21+00:00,1,111830087,1,111826787,3300,30.206,v0_p2wpkh,v0_p2wpkh,bc1qnk4zh9qcnap2mycp56qjrgza3cc8ylrh8fecp0,sweep-funding-tx,high,Pays bc1qnk4zh9qcnap2mycp56qjrgza3cc8ylrh8fecp0 (the sole address that directly funded the named consolidation address bc1qq85v2c926eg6pgxhwp6q7lf6cnsz80qs3fcu9r within the target block range) and is itself confirmed inside that same block range.,"tools/onchain/trace_cluster.py (mempool.space API, live query)"
a12a900af615059039b0ed57b8012d58b925d5f6e5eff7c836e4cce1041c1b99,960189,000000000000000000013f7dbd45306e3c040eaa1c727cc48e69fb6cb182f7dd,2026-07-30T01:37:21+00:00,1,113044751,1,113041451,3300,30.206,v0_p2wpkh,v0_p2wpkh,bc1qnk4zh9qcnap2mycp56qjrgza3cc8ylrh8fecp0,sweep-funding-tx,high,Pays bc1qnk4zh9qcnap2mycp56qjrgza3cc8ylrh8fecp0 (the sole address that directly funded the named consolidation address bc1qq85v2c926eg6pgxhwp6q7lf6cnsz80qs3fcu9r within the target block range) and is itself confirmed inside that same block range.,"tools/onchain/trace_cluster.py (mempool.space API, live query)"
a14b081ffd4cc1850e0d9e375f0b0f8aebefd901690487c94c32292c74bcbfaa,960189,000000000000000000013f7dbd45306e3c040eaa1c727cc48e69fb6cb182f7dd,2026-07-30T01:37:21+00:00,1,78700000,1,78696700,3300,30.137,v0_p2wpkh,v0_p2wpkh,bc1qnk4zh9qcnap2mycp56qjrgza3cc8ylrh8fecp0,sweep-funding-tx,high,Pays bc1qnk4zh9qcnap2mycp56qjrgza3cc8ylrh8fecp0 (the sole address that directly funded the named consolidation address bc1qq85v2c926eg6pgxhwp6q7lf6cnsz80qs3fcu9r within the target block range) and is itself confirmed inside that same block range.,"tools/onchain/trace_cluster.py (mempool.space API, live query)"
a1dc19b74a84dfa1a836ed77cf59b16c574c2f87e8bffb121249e6208edc5cc7,960189,000000000000000000013f7dbd45306e3c040eaa1c727cc48e69fb6cb182f7dd,2026-07-30T01:37:21+00:00,1,99970000,1,99966700,3300,30.206,v0_p2wpkh,v0_p2wpkh,bc1qnk4zh9qcnap2mycp56qjrgza3cc8ylrh8fecp0,sweep-funding-tx,high,Pays bc1qnk4zh9qcnap2mycp56qjrgza3cc8ylrh8fecp0 (the sole address that directly funded the named consolidation address bc1qq85v2c926eg6pgxhwp6q7lf6cnsz80qs3fcu9r within the target block range) and is itself confirmed inside that same block range.,"tools/onchain/trace_cluster.py (mempool.space API, live query)"
a406b4b61b594561b1ac9ccec969bd13a64fdb5543e89129f9280e12c05f4afb,960189,000000000000000000013f7dbd45306e3c040eaa1c727cc48e69fb6cb182f7dd,2026-07-30T01:37:21+00:00,1,99999670,1,99996370,3300,30.206,v0_p2wpkh,v0_p2wpkh,bc1qnk4zh9qcnap2mycp56qjrgza3cc8ylrh8fecp0,sweep-funding-tx,high,Pays bc1qnk4zh9qcnap2mycp56qjrgza3cc8ylrh8fecp0 (the sole address that directly funded the named consolidation address bc1qq85v2c926eg6pgxhwp6q7lf6cnsz80qs3fcu9r within the target block range) and is itself confirmed inside that same block range.,"tools/onchain/trace_cluster.py (mempool.space API, live query)"
ab6fe730600d9bd7c28682bff5fc3da7a4794477acc78649f2c0fb6afd608e55,960189,000000000000000000013f7dbd45306e3c040eaa1c727cc48e69fb6cb182f7dd,2026-07-30T01:37:21+00:00,1,100000000,1,99996700,3300,30.137,v0_p2wpkh,v0_p2wpkh,bc1qnk4zh9qcnap2mycp56qjrgza3cc8ylrh8fecp0,sweep-funding-tx,high,Pays bc1qnk4zh9qcnap2mycp56qjrgza3cc8ylrh8fecp0 (the sole address that directly funded the named consolidation address bc1qq85v2c926eg6pgxhwp6q7lf6cnsz80qs3fcu9r within the target block range) and is itself confirmed inside that same block range.,"tools/onchain/trace_cluster.py (mempool.space API, live query)"
b07f4931c08372f9ba4000abfc15378ea9268b0d64867a4c708bcbf8e7f6f277,960189,000000000000000000013f7dbd45306e3c040eaa1c727cc48e69fb6cb182f7dd,2026-07-30T01:37:21+00:00,3,163239607,1,163232227,7380,30.092,v0_p2wpkh,v0_p2wpkh,bc1qnk4zh9qcnap2mycp56qjrgza3cc8ylrh8fecp0,sweep-funding-tx,high,Pays bc1qnk4zh9qcnap2mycp56qjrgza3cc8ylrh8fecp0 (the sole address that directly funded the named consolidation address bc1qq85v2c926eg6pgxhwp6q7lf6cnsz80qs3fcu9r within the target block range) and is itself confirmed inside that same block range.,"tools/onchain/trace_cluster.py (mempool.space API, live query)"
b42f641b17ed00f328c5698ebf699cbd0a218670b7d65d902c55bcb198861dcf,960189,000000000000000000013f7dbd45306e3c040eaa1c727cc48e69fb6cb182f7dd,2026-07-30T01:37:21+00:00,1,115255867,1,115252567,3300,30.137,v0_p2wpkh,v0_p2wpkh,bc1qnk4zh9qcnap2mycp56qjrgza3cc8ylrh8fecp0,sweep-funding-tx,high,Pays bc1qnk4zh9qcnap2mycp56qjrgza3cc8ylrh8fecp0 (the sole address that directly funded the named consolidation address bc1qq85v2c926eg6pgxhwp6q7lf6cnsz80qs3fcu9r within the target block range) and is itself confirmed inside that same block range.,"tools/onchain/trace_cluster.py (mempool.space API, live query)"
b6c6506b7c3f0ab5717768853400be58376e7268ebe92aef9a9d63eaea705e0d,960189,000000000000000000013f7dbd45306e3c040eaa1c727cc48e69fb6cb182f7dd,2026-07-30T01:37:21+00:00,1,100000000,1,99996700,3300,30.206,v0_p2wpkh,v0_p2wpkh,bc1qnk4zh9qcnap2mycp56qjrgza3cc8ylrh8fecp0,sweep-funding-tx,high,Pays bc1qnk4zh9qcnap2mycp56qjrgza3cc8ylrh8fecp0 (the sole address that directly funded the named consolidation address bc1qq85v2c926eg6pgxhwp6q7lf6cnsz80qs3fcu9r within the target block range) and is itself confirmed inside that same block range.,"tools/onchain/trace_cluster.py (mempool.space API, live query)"
b8121447046b51b260d427eb16be2c3e2408ce9cffd873f7ea9b6267675b171a,960189,000000000000000000013f7dbd45306e3c040eaa1c727cc48e69fb6cb182f7dd,2026-07-30T01:37:21+00:00,1,100000000,1,99996700,3300,30.137,v0_p2wpkh,v0_p2wpkh,bc1qnk4zh9qcnap2mycp56qjrgza3cc8ylrh8fecp0,sweep-funding-tx,high,Pays bc1qnk4zh9qcnap2mycp56qjrgza3cc8ylrh8fecp0 (the sole address that directly funded the named consolidation address bc1qq85v2c926eg6pgxhwp6q7lf6cnsz80qs3fcu9r within the target block range) and is itself confirmed inside that same block range.,"tools/onchain/trace_cluster.py (mempool.space API, live query)"
b8704666bf91c7e548d98f59b1fd6bb577af999f6a2208a2b27b9dd987975c43,960189,000000000000000000013f7dbd45306e3c040eaa1c727cc48e69fb6cb182f7dd,2026-07-30T01:37:21+00:00,1,61856475,1,61853175,3300,30.206,v0_p2wpkh,v0_p2wpkh,bc1qnk4zh9qcnap2mycp56qjrgza3cc8ylrh8fecp0,sweep-funding-tx,high,Pays bc1qnk4zh9qcnap2mycp56qjrgza3cc8ylrh8fecp0 (the sole address that directly funded the named consolidation address bc1qq85v2c926eg6pgxhwp6q7lf6cnsz80qs3fcu9r within the target block range) and is itself confirmed inside that same block range.,"tools/onchain/trace_cluster.py (mempool.space API, live query)"
bb6444f4c7edce94a2f7625b6ecca239b9a63d6a9a87ca14f90ef1b383ff6412,960189,000000000000000000013f7dbd45306e3c040eaa1c727cc48e69fb6cb182f7dd,2026-07-30T01:37:21+00:00,1,90999164,1,90995864,3300,30.137,v0_p2wpkh,v0_p2wpkh,bc1qnk4zh9qcnap2mycp56qjrgza3cc8ylrh8fecp0,sweep-funding-tx,high,Pays bc1qnk4zh9qcnap2mycp56qjrgza3cc8ylrh8fecp0 (the sole address that directly funded the named consolidation address bc1qq85v2c926eg6pgxhwp6q7lf6cnsz80qs3fcu9r within the target block range) and is itself confirmed inside that same block range.,"tools/onchain/trace_cluster.py (mempool.space API, live query)"
bb75c5aa5c00608a1a3ccfe972366499a65f044e521e6b07f5afd856d89958ad,960189,000000000000000000013f7dbd45306e3c040eaa1c727cc48e69fb6cb182f7dd,2026-07-30T01:37:21+00:00,1,78900544,1,78897244,3300,30.137,v0_p2wpkh,v0_p2wpkh,bc1qnk4zh9qcnap2mycp56qjrgza3cc8ylrh8fecp0,sweep-funding-tx,high,Pays bc1qnk4zh9qcnap2mycp56qjrgza3cc8ylrh8fecp0 (the sole address that directly funded the named consolidation address bc1qq85v2c926eg6pgxhwp6q7lf6cnsz80qs3fcu9r within the target block range) and is itself confirmed inside that same block range.,"tools/onchain/trace_cluster.py (mempool.space API, live query)"
bbbc0ec3f54007e3307febdb2900a0ccd3ad86e1fbff68f37c7167ccdfae2df6,960189,000000000000000000013f7dbd45306e3c040eaa1c727cc48e69fb6cb182f7dd,2026-07-30T01:37:21+00:00,1,65000000,1,64996700,3300,30.137,v0_p2wpkh,v0_p2wpkh,bc1qnk4zh9qcnap2mycp56qjrgza3cc8ylrh8fecp0,sweep-funding-tx,high,Pays bc1qnk4zh9qcnap2mycp56qjrgza3cc8ylrh8fecp0 (the sole address that directly funded the named consolidation address bc1qq85v2c926eg6pgxhwp6q7lf6cnsz80qs3fcu9r within the target block range) and is itself confirmed inside that same block range.,"tools/onchain/trace_cluster.py (mempool.space API, live query)"
bd71940da3999f854cc95caf64ceebd6554ffe9ae5a0905e0a5c9b7319c408a1,960189,000000000000000000013f7dbd45306e3c040eaa1c727cc48e69fb6cb182f7dd,2026-07-30T01:37:21+00:00,1,65320000,1,65316700,3300,30.206,v0_p2wpkh,v0_p2wpkh,bc1qnk4zh9qcnap2mycp56qjrgza3cc8ylrh8fecp0,sweep-funding-tx,high,Pays bc1qnk4zh9qcnap2mycp56qjrgza3cc8ylrh8fecp0 (the sole address that directly funded the named consolidation address bc1qq85v2c926eg6pgxhwp6q7lf6cnsz80qs3fcu9r within the target block range) and is itself confirmed inside that same block range.,"tools/onchain/trace_cluster.py (mempool.space API, live query)"
bf7809a37dde414b06373848410b4c8bf583f88fd519639db5b31b998a46abc9,960189,000000000000000000013f7dbd45306e3c040eaa1c727cc48e69fb6cb182f7dd,2026-07-30T01:37:21+00:00,2,102630303,1,102624963,5340,30.169,v0_p2wpkh,v0_p2wpkh,bc1qnk4zh9qcnap2mycp56qjrgza3cc8ylrh8fecp0,sweep-funding-tx,high,Pays bc1qnk4zh9qcnap2mycp56qjrgza3cc8ylrh8fecp0 (the sole address that directly funded the named consolidation address bc1qq85v2c926eg6pgxhwp6q7lf6cnsz80qs3fcu9r within the target block range) and is itself confirmed inside that same block range.,"tools/onchain/trace_cluster.py (mempool.space API, live query)"
c08ee254bb88f1166f63e931648d0febe85dd3cd202724d0475220f569b441e9,960189,000000000000000000013f7dbd45306e3c040eaa1c727cc48e69fb6cb182f7dd,2026-07-30T01:37:21+00:00,1,100147948,1,100144648,3300,30.206,v0_p2wpkh,v0_p2wpkh,bc1qnk4zh9qcnap2mycp56qjrgza3cc8ylrh8fecp0,sweep-funding-tx,high,Pays bc1qnk4zh9qcnap2mycp56qjrgza3cc8ylrh8fecp0 (the sole address that directly funded the named consolidation address bc1qq85v2c926eg6pgxhwp6q7lf6cnsz80qs3fcu9r within the target block range) and is itself confirmed inside that same block range.,"tools/onchain/trace_cluster.py (mempool.space API, live query)"
c092a3b6fe70662e0fd607b75e4a985103798860c5c5e30b1b54f8488b908b50,960189,000000000000000000013f7dbd45306e3c040eaa1c727cc48e69fb6cb182f7dd,2026-07-30T01:37:21+00:00,1,100659000,1,100655700,3300,30.137,v0_p2wpkh,v0_p2wpkh,bc1qnk4zh9qcnap2mycp56qjrgza3cc8ylrh8fecp0,sweep-funding-tx,high,Pays bc1qnk4zh9qcnap2mycp56qjrgza3cc8ylrh8fecp0 (the sole address that directly funded the named consolidation address bc1qq85v2c926eg6pgxhwp6q7lf6cnsz80qs3fcu9r within the target block range) and is itself confirmed inside that same block range.,"tools/onchain/trace_cluster.py (mempool.space API, live query)"
c5d39accf79036caeecfab63e862cb26cb952edd8a8ce074a650f88a11063f76,960189,000000000000000000013f7dbd45306e3c040eaa1c727cc48e69fb6cb182f7dd,2026-07-30T01:37:21+00:00,1,71300000,1,71296700,3300,30.206,v0_p2wpkh,v0_p2wpkh,bc1qnk4zh9qcnap2mycp56qjrgza3cc8ylrh8fecp0,sweep-funding-tx,high,Pays bc1qnk4zh9qcnap2mycp56qjrgza3cc8ylrh8fecp0 (the sole address that directly funded the named consolidation address bc1qq85v2c926eg6pgxhwp6q7lf6cnsz80qs3fcu9r within the target block range) and is itself confirmed inside that same block range.,"tools/onchain/trace_cluster.py (mempool.space API, live query)"
c8b28e7e188a30de2a721a81ba3993e779d6fa0f1325cc039d74f4d52a5d03e8,960189,000000000000000000013f7dbd45306e3c040eaa1c727cc48e69fb6cb182f7dd,2026-07-30T01:37:21+00:00,1,62427259,1,62423959,3300,30.206,v0_p2wpkh,v0_p2wpkh,bc1qnk4zh9qcnap2mycp56qjrgza3cc8ylrh8fecp0,sweep-funding-tx,high,Pays bc1qnk4zh9qcnap2mycp56qjrgza3cc8ylrh8fecp0 (the sole address that directly funded the named consolidation address bc1qq85v2c926eg6pgxhwp6q7lf6cnsz80qs3fcu9r within the target block range) and is itself confirmed inside that same block range.,"tools/onchain/trace_cluster.py (mempool.space API, live query)"
cb8eba08a1de60f1a152603d35cc3a3419be1c8d3e717a9c86005518bcdfcccc,960189,000000000000000000013f7dbd45306e3c040eaa1c727cc48e69fb6cb182f7dd,2026-07-30T01:37:21+00:00,1,100000000,1,99996700,3300,30.206,v0_p2wpkh,v0_p2wpkh,bc1qnk4zh9qcnap2mycp56qjrgza3cc8ylrh8fecp0,sweep-funding-tx,high,Pays bc1qnk4zh9qcnap2mycp56qjrgza3cc8ylrh8fecp0 (the sole address that directly funded the named consolidation address bc1qq85v2c926eg6pgxhwp6q7lf6cnsz80qs3fcu9r within the target block range) and is itself confirmed inside that same block range.,"tools/onchain/trace_cluster.py (mempool.space API, live query)"
ccf8977cc2d9d32c6151c4f9ff2d5ae58e81bce929a1d2f15687451833b0db2a,960189,000000000000000000013f7dbd45306e3c040eaa1c727cc48e69fb6cb182f7dd,2026-07-30T01:37:21+00:00,1,100000000,1,99996700,3300,30.137,v0_p2wpkh,v0_p2wpkh,bc1qnk4zh9qcnap2mycp56qjrgza3cc8ylrh8fecp0,sweep-funding-tx,high,Pays bc1qnk4zh9qcnap2mycp56qjrgza3cc8ylrh8fecp0 (the sole address that directly funded the named consolidation address bc1qq85v2c926eg6pgxhwp6q7lf6cnsz80qs3fcu9r within the target block range) and is itself confirmed inside that same block range.,"tools/onchain/trace_cluster.py (mempool.space API, live query)"
cf86037c154322b36ed8f5480c95d91d589b17a0c09a4bf7504044e7171d5218,960189,000000000000000000013f7dbd45306e3c040eaa1c727cc48e69fb6cb182f7dd,2026-07-30T01:37:21+00:00,1,97968637,1,97965337,3300,30.206,v0_p2wpkh,v0_p2wpkh,bc1qnk4zh9qcnap2mycp56qjrgza3cc8ylrh8fecp0,sweep-funding-tx,high,Pays bc1qnk4zh9qcnap2mycp56qjrgza3cc8ylrh8fecp0 (the sole address that directly funded the named consolidation address bc1qq85v2c926eg6pgxhwp6q7lf6cnsz80qs3fcu9r within the target block range) and is itself confirmed inside that same block range.,"tools/onchain/trace_cluster.py (mempool.space API, live query)"
d5211bedb9c87387ef332dd701d1b55950d2149d9233ea6bcfe3bc09ddb3e83a,960189,000000000000000000013f7dbd45306e3c040eaa1c727cc48e69fb6cb182f7dd,2026-07-30T01:37:21+00:00,1,100000000,1,99996700,3300,30.137,v0_p2wpkh,v0_p2wpkh,bc1qnk4zh9qcnap2mycp56qjrgza3cc8ylrh8fecp0,sweep-funding-tx,high,Pays bc1qnk4zh9qcnap2mycp56qjrgza3cc8ylrh8fecp0 (the sole address that directly funded the named consolidation address bc1qq85v2c926eg6pgxhwp6q7lf6cnsz80qs3fcu9r within the target block range) and is itself confirmed inside that same block range.,"tools/onchain/trace_cluster.py (mempool.space API, live query)"
d53baa9fc7a3348104b8d68538bcd189d0756d283b7085632c3ae3fe9bb84b57,960189,000000000000000000013f7dbd45306e3c040eaa1c727cc48e69fb6cb182f7dd,2026-07-30T01:37:21+00:00,1,108232224,1,108228924,3300,30.206,v0_p2wpkh,v0_p2wpkh,bc1qnk4zh9qcnap2mycp56qjrgza3cc8ylrh8fecp0,sweep-funding-tx,high,Pays bc1qnk4zh9qcnap2mycp56qjrgza3cc8ylrh8fecp0 (the sole address that directly funded the named consolidation address bc1qq85v2c926eg6pgxhwp6q7lf6cnsz80qs3fcu9r within the target block range) and is itself confirmed inside that same block range.,"tools/onchain/trace_cluster.py (mempool.space API, live query)"
d690293a9d5b9581f7cb816c59dd60d77a50acdecf6fb322979f3309e96398b9,960189,000000000000000000013f7dbd45306e3c040eaa1c727cc48e69fb6cb182f7dd,2026-07-30T01:37:21+00:00,4,72677179,1,72667759,9420,30.12,v0_p2wpkh,v0_p2wpkh,bc1qnk4zh9qcnap2mycp56qjrgza3cc8ylrh8fecp0,sweep-funding-tx,high,Pays bc1qnk4zh9qcnap2mycp56qjrgza3cc8ylrh8fecp0 (the sole address that directly funded the named consolidation address bc1qq85v2c926eg6pgxhwp6q7lf6cnsz80qs3fcu9r within the target block range) and is itself confirmed inside that same block range.,"tools/onchain/trace_cluster.py (mempool.space API, live query)"
db7876dd4c417287790d5b59df16409ea13a711c7834c6a2e2383a6e69a87097,960189,000000000000000000013f7dbd45306e3c040eaa1c727cc48e69fb6cb182f7dd,2026-07-30T01:37:21+00:00,4,177958549,1,177949129,9420,30.096,v0_p2wpkh,v0_p2wpkh,bc1qnk4zh9qcnap2mycp56qjrgza3cc8ylrh8fecp0,sweep-funding-tx,high,Pays bc1qnk4zh9qcnap2mycp56qjrgza3cc8ylrh8fecp0 (the sole address that directly funded the named consolidation address bc1qq85v2c926eg6pgxhwp6q7lf6cnsz80qs3fcu9r within the target block range) and is itself confirmed inside that same block range.,"tools/onchain/trace_cluster.py (mempool.space API, live query)"
e3e394f419e96a84c674824a31773a2d1135ed6027734b21bcdddbd19af4c3fe,960189,000000000000000000013f7dbd45306e3c040eaa1c727cc48e69fb6cb182f7dd,2026-07-30T01:37:21+00:00,1,174399016,1,174395716,3300,30.137,v0_p2wpkh,v0_p2wpkh,bc1qnk4zh9qcnap2mycp56qjrgza3cc8ylrh8fecp0,sweep-funding-tx,high,Pays bc1qnk4zh9qcnap2mycp56qjrgza3cc8ylrh8fecp0 (the sole address that directly funded the named consolidation address bc1qq85v2c926eg6pgxhwp6q7lf6cnsz80qs3fcu9r within the target block range) and is itself confirmed inside that same block range.,"tools/onchain/trace_cluster.py (mempool.space API, live query)"
e50f39d3a0fcf831b8171682a0223515612139edce0dc80ec520481747e1e7e7,960189,000000000000000000013f7dbd45306e3c040eaa1c727cc48e69fb6cb182f7dd,2026-07-30T01:37:21+00:00,1,117744165,1,117740865,3300,30.137,v0_p2wpkh,v0_p2wpkh,bc1qnk4zh9qcnap2mycp56qjrgza3cc8ylrh8fecp0,sweep-funding-tx,high,Pays bc1qnk4zh9qcnap2mycp56qjrgza3cc8ylrh8fecp0 (the sole address that directly funded the named consolidation address bc1qq85v2c926eg6pgxhwp6q7lf6cnsz80qs3fcu9r within the target block range) and is itself confirmed inside that same block range.,"tools/onchain/trace_cluster.py (mempool.space API, live query)"
e653d2eba87a61cb9e35b5cd636c2c09f1f408c600a61d3ad087e1a141389078,960189,000000000000000000013f7dbd45306e3c040eaa1c727cc48e69fb6cb182f7dd,2026-07-30T01:37:21+00:00,1,86183814,1,86180514,3300,30.206,v0_p2wpkh,v0_p2wpkh,bc1qnk4zh9qcnap2mycp56qjrgza3cc8ylrh8fecp0,sweep-funding-tx,high,Pays bc1qnk4zh9qcnap2mycp56qjrgza3cc8ylrh8fecp0 (the sole address that directly funded the named consolidation address bc1qq85v2c926eg6pgxhwp6q7lf6cnsz80qs3fcu9r within the target block range) and is itself confirmed inside that same block range.,"tools/onchain/trace_cluster.py (mempool.space API, live query)"
e847b23a472ef1b764a04569f9808524f4210fcf71edad326a0a2e5a09bb9a3f,960189,000000000000000000013f7dbd45306e3c040eaa1c727cc48e69fb6cb182f7dd,2026-07-30T01:37:21+00:00,1,84099870,1,84096570,3300,30.206,v0_p2wpkh,v0_p2wpkh,bc1qnk4zh9qcnap2mycp56qjrgza3cc8ylrh8fecp0,sweep-funding-tx,high,Pays bc1qnk4zh9qcnap2mycp56qjrgza3cc8ylrh8fecp0 (the sole address that directly funded the named consolidation address bc1qq85v2c926eg6pgxhwp6q7lf6cnsz80qs3fcu9r within the target block range) and is itself confirmed inside that same block range.,"tools/onchain/trace_cluster.py (mempool.space API, live query)"
e970d8f700fa7ce873d27ed8e4f097c4d254a066e2f22b97bd3a8acd14a7bc2e,960189,000000000000000000013f7dbd45306e3c040eaa1c727cc48e69fb6cb182f7dd,2026-07-30T01:37:21+00:00,1,75743050,1,75739750,3300,30.137,v0_p2wpkh,v0_p2wpkh,bc1qnk4zh9qcnap2mycp56qjrgza3cc8ylrh8fecp0,sweep-funding-tx,high,Pays bc1qnk4zh9qcnap2mycp56qjrgza3cc8ylrh8fecp0 (the sole address that directly funded the named consolidation address bc1qq85v2c926eg6pgxhwp6q7lf6cnsz80qs3fcu9r within the target block range) and is itself confirmed inside that same block range.,"tools/onchain/trace_cluster.py (mempool.space API, live query)"
ec126f1ff950e2c50840fabe6cd6da79dbee944505cda683643d1f7cfb958ccd,960189,000000000000000000013f7dbd45306e3c040eaa1c727cc48e69fb6cb182f7dd,2026-07-30T01:37:21+00:00,1,99978573,1,99975273,3300,30.137,v0_p2wpkh,v0_p2wpkh,bc1qnk4zh9qcnap2mycp56qjrgza3cc8ylrh8fecp0,sweep-funding-tx,high,Pays bc1qnk4zh9qcnap2mycp56qjrgza3cc8ylrh8fecp0 (the sole address that directly funded the named consolidation address bc1qq85v2c926eg6pgxhwp6q7lf6cnsz80qs3fcu9r within the target block range) and is itself confirmed inside that same block range.,"tools/onchain/trace_cluster.py (mempool.space API, live query)"
ed8e079b2e171950b99ce3e990bc1202de6ec437d062ce904c5445b6f30a980b,960189,000000000000000000013f7dbd45306e3c040eaa1c727cc48e69fb6cb182f7dd,2026-07-30T01:37:21+00:00,1,62720900,1,62717600,3300,30.137,v0_p2wpkh,v0_p2wpkh,bc1qnk4zh9qcnap2mycp56qjrgza3cc8ylrh8fecp0,sweep-funding-tx,high,Pays bc1qnk4zh9qcnap2mycp56qjrgza3cc8ylrh8fecp0 (the sole address that directly funded the named consolidation address bc1qq85v2c926eg6pgxhwp6q7lf6cnsz80qs3fcu9r within the target block range) and is itself confirmed inside that same block range.,"tools/onchain/trace_cluster.py (mempool.space API, live query)"
eecdb0dda68816667bfd00583bb435d37cf1492c492c078612007e7323a69a38,960189,000000000000000000013f7dbd45306e3c040eaa1c727cc48e69fb6cb182f7dd,2026-07-30T01:37:21+00:00,1,66090000,1,66086700,3300,30.206,v0_p2wpkh,v0_p2wpkh,bc1qnk4zh9qcnap2mycp56qjrgza3cc8ylrh8fecp0,sweep-funding-tx,high,Pays bc1qnk4zh9qcnap2mycp56qjrgza3cc8ylrh8fecp0 (the sole address that directly funded the named consolidation address bc1qq85v2c926eg6pgxhwp6q7lf6cnsz80qs3fcu9r within the target block range) and is itself confirmed inside that same block range.,"tools/onchain/trace_cluster.py (mempool.space API, live query)"
f2550018110d8a95c58d44216df4a25dd317ddb35fd2f421c59bc343b2c317b4,960189,000000000000000000013f7dbd45306e3c040eaa1c727cc48e69fb6cb182f7dd,2026-07-30T01:37:21+00:00,1,180000000,1,179996700,3300,30.137,v0_p2wpkh,v0_p2wpkh,bc1qnk4zh9qcnap2mycp56qjrgza3cc8ylrh8fecp0,sweep-funding-tx,high,Pays bc1qnk4zh9qcnap2mycp56qjrgza3cc8ylrh8fecp0 (the sole address that directly funded the named consolidation address bc1qq85v2c926eg6pgxhwp6q7lf6cnsz80qs3fcu9r within the target block range) and is itself confirmed inside that same block range.,"tools/onchain/trace_cluster.py (mempool.space API, live query)"
f2d26fcb1d693dc3bff74de479779f651c1848a34b8bbd84f854deffb61dfc92,960189,000000000000000000013f7dbd45306e3c040eaa1c727cc48e69fb6cb182f7dd,2026-07-30T01:37:21+00:00,1,78571751,1,78568451,3300,30.206,v0_p2wpkh,v0_p2wpkh,bc1qnk4zh9qcnap2mycp56qjrgza3cc8ylrh8fecp0,sweep-funding-tx,high,Pays bc1qnk4zh9qcnap2mycp56qjrgza3cc8ylrh8fecp0 (the sole address that directly funded the named consolidation address bc1qq85v2c926eg6pgxhwp6q7lf6cnsz80qs3fcu9r within the target block range) and is itself confirmed inside that same block range.,"tools/onchain/trace_cluster.py (mempool.space API, live query)"
f6b44834689171e61c69bc9cb54fab35f4e43a3487715aaa2d0fbc17683105e3,960189,000000000000000000013f7dbd45306e3c040eaa1c727cc48e69fb6cb182f7dd,2026-07-30T01:37:21+00:00,1,100000000,1,99996700,3300,30.206,v0_p2wpkh,v0_p2wpkh,bc1qnk4zh9qcnap2mycp56qjrgza3cc8ylrh8fecp0,sweep-funding-tx,high,Pays bc1qnk4zh9qcnap2mycp56qjrgza3cc8ylrh8fecp0 (the sole address that directly funded the named consolidation address bc1qq85v2c926eg6pgxhwp6q7lf6cnsz80qs3fcu9r within the target block range) and is itself confirmed inside that same block range.,"tools/onchain/trace_cluster.py (mempool.space API, live query)"
f769968d8bdbeeda4ccfaf3eea85d75bc4fb9a43526c89d5e9baa9bc3d05f666,960189,000000000000000000013f7dbd45306e3c040eaa1c727cc48e69fb6cb182f7dd,2026-07-30T01:37:21+00:00,1,65954278,1,65950978,3300,30.206,v0_p2wpkh,v0_p2wpkh,bc1qnk4zh9qcnap2mycp56qjrgza3cc8ylrh8fecp0,sweep-funding-tx,high,Pays bc1qnk4zh9qcnap2mycp56qjrgza3cc8ylrh8fecp0 (the sole address that directly funded the named consolidation address bc1qq85v2c926eg6pgxhwp6q7lf6cnsz80qs3fcu9r within the target block range) and is itself confirmed inside that same block range.,"tools/onchain/trace_cluster.py (mempool.space API, live query)"
f830d50156eea6b0e67fdeaddeacc19c1e136aa351aeb68b6327a0b21bb537f5,960189,000000000000000000013f7dbd45306e3c040eaa1c727cc48e69fb6cb182f7dd,2026-07-30T01:37:21+00:00,1,180705707,1,180702407,3300,30.206,v0_p2wpkh,v0_p2wpkh,bc1qnk4zh9qcnap2mycp56qjrgza3cc8ylrh8fecp0,sweep-funding-tx,high,Pays bc1qnk4zh9qcnap2mycp56qjrgza3cc8ylrh8fecp0 (the sole address that directly funded the named consolidation address bc1qq85v2c926eg6pgxhwp6q7lf6cnsz80qs3fcu9r within the target block range) and is itself confirmed inside that same block range.,"tools/onchain/trace_cluster.py (mempool.space API, live query)"
f8568bc00c291e203dd85434a9d066b82d9c75537c08a390f6fc14b7a7263779,960189,000000000000000000013f7dbd45306e3c040eaa1c727cc48e69fb6cb182f7dd,2026-07-30T01:37:21+00:00,1,98201003,1,98197703,3300,30.206,v0_p2wpkh,v0_p2wpkh,bc1qnk4zh9qcnap2mycp56qjrgza3cc8ylrh8fecp0,sweep-funding-tx,high,Pays bc1qnk4zh9qcnap2mycp56qjrgza3cc8ylrh8fecp0 (the sole address that directly funded the named consolidation address bc1qq85v2c926eg6pgxhwp6q7lf6cnsz80qs3fcu9r within the target block range) and is itself confirmed inside that same block range.,"tools/onchain/trace_cluster.py (mempool.space API, live query)"
ff190d9c7b2263614474397d6dea3e0e322d797a2da3502791cdeab6b3bea8b8,960189,000000000000000000013f7dbd45306e3c040eaa1c727cc48e69fb6cb182f7dd,2026-07-30T01:37:21+00:00,1,149583437,1,149580137,3300,30.206,v0_p2wpkh,v0_p2wpkh,bc1qnk4zh9qcnap2mycp56qjrgza3cc8ylrh8fecp0,sweep-funding-tx,high,Pays bc1qnk4zh9qcnap2mycp56qjrgza3cc8ylrh8fecp0 (the sole address that directly funded the named consolidation address bc1qq85v2c926eg6pgxhwp6q7lf6cnsz80qs3fcu9r within the target block range) and is itself confirmed inside that same block range.,"tools/onchain/trace_cluster.py (mempool.space API, live query)"
0059d0402189fdc0b59aad6d25c23bf3eeb73b5e6e3fcaeb539fb73944cc3649,960190,000000000000000000005cd3ef8a8583807efa1cd1566a6608b16ca297fb0f8e,2026-07-30T01:43:00+00:00,1,31498244,1,31494944,3300,30.206,v0_p2wpkh,v0_p2wpkh,bc1qnk4zh9qcnap2mycp56qjrgza3cc8ylrh8fecp0,sweep-funding-tx,high,Pays bc1qnk4zh9qcnap2mycp56qjrgza3cc8ylrh8fecp0 (the sole address that directly funded the named consolidation address bc1qq85v2c926eg6pgxhwp6q7lf6cnsz80qs3fcu9r within the target block range) and is itself confirmed inside that same block range.,"tools/onchain/trace_cluster.py (mempool.space API, live query)"
013fbd5f67988e2c497c07508c4fd0ed17dbe75dcc678fa54d74984fec113f88,960190,000000000000000000005cd3ef8a8583807efa1cd1566a6608b16ca297fb0f8e,2026-07-30T01:43:00+00:00,41,52404023,1,52319123,84900,30.056,v0_p2wpkh,v0_p2wpkh,bc1qnk4zh9qcnap2mycp56qjrgza3cc8ylrh8fecp0,sweep-funding-tx,high,Pays bc1qnk4zh9qcnap2mycp56qjrgza3cc8ylrh8fecp0 (the sole address that directly funded the named consolidation address bc1qq85v2c926eg6pgxhwp6q7lf6cnsz80qs3fcu9r within the target block range) and is itself confirmed inside that same block range.,"tools/onchain/trace_cluster.py (mempool.space API, live query)"
01d63e044c557f6fcc136adb0b115347cf4ebd8ed55b91b2537fbdbdd5d4f9dd,960190,000000000000000000005cd3ef8a8583807efa1cd1566a6608b16ca297fb0f8e,2026-07-30T01:43:00+00:00,1,31124474,1,31121174,3300,30.206,v0_p2wpkh,v0_p2wpkh,bc1qnk4zh9qcnap2mycp56qjrgza3cc8ylrh8fecp0,sweep-funding-tx,high,Pays bc1qnk4zh9qcnap2mycp56qjrgza3cc8ylrh8fecp0 (the sole address that directly funded the named consolidation address bc1qq85v2c926eg6pgxhwp6q7lf6cnsz80qs3fcu9r within the target block range) and is itself confirmed inside that same block range.,"tools/onchain/trace_cluster.py (mempool.space API, live query)"
025397e02ed82f77fc2867463ecc3f6f676c4e6287d3b03eeed386e015e27dc5,960190,000000000000000000005cd3ef8a8583807efa1cd1566a6608b16ca297fb0f8e,2026-07-30T01:43:00+00:00,1,37276426,1,37273126,3300,30.206,v0_p2wpkh,v0_p2wpkh,bc1qnk4zh9qcnap2mycp56qjrgza3cc8ylrh8fecp0,sweep-funding-tx,high,Pays bc1qnk4zh9qcnap2mycp56qjrgza3cc8ylrh8fecp0 (the sole address that directly funded the named consolidation address bc1qq85v2c926eg6pgxhwp6q7lf6cnsz80qs3fcu9r within the target block range) and is itself confirmed inside that same block range.,"tools/onchain/trace_cluster.py (mempool.space API, live query)"
05eb57286f83b4be023acd099761f4df37ea4840851f58567b969f0bb1c49d73,960190,000000000000000000005cd3ef8a8583807efa1cd1566a6608b16ca297fb0f8e,2026-07-30T01:43:00+00:00,1,40480240,1,40476940,3300,30.137,v0_p2wpkh,v0_p2wpkh,bc1qnk4zh9qcnap2mycp56qjrgza3cc8ylrh8fecp0,sweep-funding-tx,high,Pays bc1qnk4zh9qcnap2mycp56qjrgza3cc8ylrh8fecp0 (the sole address that directly funded the named consolidation address bc1qq85v2c926eg6pgxhwp6q7lf6cnsz80qs3fcu9r within the target block range) and is itself confirmed inside that same block range.,"tools/onchain/trace_cluster.py (mempool.space API, live query)"
0657d19af6a0c66d3c38628d271e16f07c323f24ea00255fdd0a426bb85b2d19,960190,000000000000000000005cd3ef8a8583807efa1cd1566a6608b16ca297fb0f8e,2026-07-30T01:43:00+00:00,1,37500000,1,37496700,3300,30.206,v0_p2wpkh,v0_p2wpkh,bc1qnk4zh9qcnap2mycp56qjrgza3cc8ylrh8fecp0,sweep-funding-tx,high,Pays bc1qnk4zh9qcnap2mycp56qjrgza3cc8ylrh8fecp0 (the sole address that directly funded the named consolidation address bc1qq85v2c926eg6pgxhwp6q7lf6cnsz80qs3fcu9r within the target block range) and is itself confirmed inside that same block range.,"tools/onchain/trace_cluster.py (mempool.space API, live query)"
09c404d1c672709e81d1dd13d7026c158d853c7a3ca39433fb83120d54b83cca,960190,000000000000000000005cd3ef8a8583807efa1cd1566a6608b16ca297fb0f8e,2026-07-30T01:43:00+00:00,1,33865717,1,33862417,3300,30.137,v0_p2wpkh,v0_p2wpkh,bc1qnk4zh9qcnap2mycp56qjrgza3cc8ylrh8fecp0,sweep-funding-tx,high,Pays bc1qnk4zh9qcnap2mycp56qjrgza3cc8ylrh8fecp0 (the sole address that directly funded the named consolidation address bc1qq85v2c926eg6pgxhwp6q7lf6cnsz80qs3fcu9r within the target block range) and is itself confirmed inside that same block range.,"tools/onchain/trace_cluster.py (mempool.space API, live query)"
0a238f80f89a704401fea5e2d3230c7cf3d354c24ec0e84ca78be579f40f45b6,960190,000000000000000000005cd3ef8a8583807efa1cd1566a6608b16ca297fb0f8e,2026-07-30T01:43:00+00:00,4,40000000,1,39990580,9420,30.096,v0_p2wpkh,v0_p2wpkh,bc1qnk4zh9qcnap2mycp56qjrgza3cc8ylrh8fecp0,sweep-funding-tx,high,Pays bc1qnk4zh9qcnap2mycp56qjrgza3cc8ylrh8fecp0 (the sole address that directly funded the named consolidation address bc1qq85v2c926eg6pgxhwp6q7lf6cnsz80qs3fcu9r within the target block range) and is itself confirmed inside that same block range.,"tools/onchain/trace_cluster.py (mempool.space API, live query)"
0efc6f74219409d595cc294b128824eb2e1802ab497cf48aed39a69e355d63d0,960190,000000000000000000005cd3ef8a8583807efa1cd1566a6608b16ca297fb0f8e,2026-07-30T01:43:00+00:00,1,50000000,1,49996700,3300,30.206,v0_p2wpkh,v0_p2wpkh,bc1qnk4zh9qcnap2mycp56qjrgza3cc8ylrh8fecp0,sweep-funding-tx,high,Pays bc1qnk4zh9qcnap2mycp56qjrgza3cc8ylrh8fecp0 (the sole address that directly funded the named consolidation address bc1qq85v2c926eg6pgxhwp6q7lf6cnsz80qs3fcu9r within the target block range) and is itself confirmed inside that same block range.,"tools/onchain/trace_cluster.py (mempool.space API, live query)"
0f0c94210a69b10977e1e269c474bf576b6987ff2c91dc743a0740c14b2dbc9c,960190,000000000000000000005cd3ef8a8583807efa1cd1566a6608b16ca297fb0f8e,2026-07-30T01:43:00+00:00,1,50572097,1,50568797,3300,30.137,v0_p2wpkh,v0_p2wpkh,bc1qnk4zh9qcnap2mycp56qjrgza3cc8ylrh8fecp0,sweep-funding-tx,high,Pays bc1qnk4zh9qcnap2mycp56qjrgza3cc8ylrh8fecp0 (the sole address that directly funded the named consolidation address bc1qq85v2c926eg6pgxhwp6q7lf6cnsz80qs3fcu9r within the target block range) and is itself confirmed inside that same block range.,"tools/onchain/trace_cluster.py (mempool.space API, live query)"
1089392eba659644e8904f83a4593361c534b89338b99eda71ddc0fad275346b,960190,000000000000000000005cd3ef8a8583807efa1cd1566a6608b16ca297fb0f8e,2026-07-30T01:43:00+00:00,1,37846300,1,37843000,3300,30.206,v0_p2wpkh,v0_p2wpkh,bc1qnk4zh9qcnap2mycp56qjrgza3cc8ylrh8fecp0,sweep-funding-tx,high,Pays bc1qnk4zh9qcnap2mycp56qjrgza3cc8ylrh8fecp0 (the sole address that directly funded the named consolidation address bc1qq85v2c926eg6pgxhwp6q7lf6cnsz80qs3fcu9r within the target block range) and is itself confirmed inside that same block range.,"tools/onchain/trace_cluster.py (mempool.space API, live query)"
164e704a353c9e75ebb9bfc273598091ac9c6f5d9bcb77a61e86ed345d8bb632,960190,000000000000000000005cd3ef8a8583807efa1cd1566a6608b16ca297fb0f8e,2026-07-30T01:43:00+00:00,1,31709769,1,31706469,3300,30.137,v0_p2wpkh,v0_p2wpkh,bc1qnk4zh9qcnap2mycp56qjrgza3cc8ylrh8fecp0,sweep-funding-tx,high,Pays bc1qnk4zh9qcnap2mycp56qjrgza3cc8ylrh8fecp0 (the sole address that directly funded the named consolidation address bc1qq85v2c926eg6pgxhwp6q7lf6cnsz80qs3fcu9r within the target block range) and is itself confirmed inside that same block range.,"tools/onchain/trace_cluster.py (mempool.space API, live query)"
16658158b0d75c8e7a25bd59c914cbe172ed026bdcb5666f02a311f539719351,960190,000000000000000000005cd3ef8a8583807efa1cd1566a6608b16ca297fb0f8e,2026-07-30T01:43:00+00:00,2,48659448,1,48652728,6720,30.101,p2sh,v0_p2wpkh,bc1qnk4zh9qcnap2mycp56qjrgza3cc8ylrh8fecp0,sweep-funding-tx,high,Pays bc1qnk4zh9qcnap2mycp56qjrgza3cc8ylrh8fecp0 (the sole address that directly funded the named consolidation address bc1qq85v2c926eg6pgxhwp6q7lf6cnsz80qs3fcu9r within the target block range) and is itself confirmed inside that same block range.,"tools/onchain/trace_cluster.py (mempool.space API, live query)"
170721a869779210884707d9f2904aad94eb603037d11702f4ad22174033a272,960190,000000000000000000005cd3ef8a8583807efa1cd1566a6608b16ca297fb0f8e,2026-07-30T01:43:00+00:00,1,26589335,1,26586035,3300,30.137,v0_p2wpkh,v0_p2wpkh,bc1qnk4zh9qcnap2mycp56qjrgza3cc8ylrh8fecp0,sweep-funding-tx,high,Pays bc1qnk4zh9qcnap2mycp56qjrgza3cc8ylrh8fecp0 (the sole address that directly funded the named consolidation address bc1qq85v2c926eg6pgxhwp6q7lf6cnsz80qs3fcu9r within the target block range) and is itself confirmed inside that same block range.,"tools/onchain/trace_cluster.py (mempool.space API, live query)"
195e9b4023806c4fa0231845f02f1b078184ac3bfd939e881e048e06fe60ccbb,960190,000000000000000000005cd3ef8a8583807efa1cd1566a6608b16ca297fb0f8e,2026-07-30T01:43:00+00:00,1,26684834,1,26681534,3300,30.206,v0_p2wpkh,v0_p2wpkh,bc1qnk4zh9qcnap2mycp56qjrgza3cc8ylrh8fecp0,sweep-funding-tx,high,Pays bc1qnk4zh9qcnap2mycp56qjrgza3cc8ylrh8fecp0 (the sole address that directly funded the named consolidation address bc1qq85v2c926eg6pgxhwp6q7lf6cnsz80qs3fcu9r within the target block range) and is itself confirmed inside that same block range.,"tools/onchain/trace_cluster.py (mempool.space API, live query)"
1a3a15071b0812d9b0166e61f642e91109a691355dc28db0272f72222aba4197,960190,000000000000000000005cd3ef8a8583807efa1cd1566a6608b16ca297fb0f8e,2026-07-30T01:43:00+00:00,1,51350795,1,51347495,3300,30.206,v0_p2wpkh,v0_p2wpkh,bc1qnk4zh9qcnap2mycp56qjrgza3cc8ylrh8fecp0,sweep-funding-tx,high,Pays bc1qnk4zh9qcnap2mycp56qjrgza3cc8ylrh8fecp0 (the sole address that directly funded the named consolidation address bc1qq85v2c926eg6pgxhwp6q7lf6cnsz80qs3fcu9r within the target block range) and is itself confirmed inside that same block range.,"tools/onchain/trace_cluster.py (mempool.space API, live query)"
1ab4369f4a204db6cac58657e2d965b424c811c431c4eb986661b8f3d8e9a8f6,960190,000000000000000000005cd3ef8a8583807efa1cd1566a6608b16ca297fb0f8e,2026-07-30T01:43:00+00:00,1,50000000,1,49996700,3300,30.206,v0_p2wpkh,v0_p2wpkh,bc1qnk4zh9qcnap2mycp56qjrgza3cc8ylrh8fecp0,sweep-funding-tx,high,Pays bc1qnk4zh9qcnap2mycp56qjrgza3cc8ylrh8fecp0 (the sole address that directly funded the named consolidation address bc1qq85v2c926eg6pgxhwp6q7lf6cnsz80qs3fcu9r within the target block range) and is itself confirmed inside that same block range.,"tools/onchain/trace_cluster.py (mempool.space API, live query)"
1c6a9658302b9fb3a6099de8564866047836245df47c7be0cbd750d4b9bad13e,960190,000000000000000000005cd3ef8a8583807efa1cd1566a6608b16ca297fb0f8e,2026-07-30T01:43:00+00:00,1,32986140,1,32982840,3300,30.206,v0_p2wpkh,v0_p2wpkh,bc1qnk4zh9qcnap2mycp56qjrgza3cc8ylrh8fecp0,sweep-funding-tx,high,Pays bc1qnk4zh9qcnap2mycp56qjrgza3cc8ylrh8fecp0 (the sole address that directly funded the named consolidation address bc1qq85v2c926eg6pgxhwp6q7lf6cnsz80qs3fcu9r within the target block range) and is itself confirmed inside that same block range.,"tools/onchain/trace_cluster.py (mempool.space API, live query)"
1d7b281436a4be044a4ccce52ded6ca9f4498477972c08d3205b5ab646a74efa,960190,000000000000000000005cd3ef8a8583807efa1cd1566a6608b16ca297fb0f8e,2026-07-30T01:43:00+00:00,1,29440000,1,29436700,3300,30.206,v0_p2wpkh,v0_p2wpkh,bc1qnk4zh9qcnap2mycp56qjrgza3cc8ylrh8fecp0,sweep-funding-tx,high,Pays bc1qnk4zh9qcnap2mycp56qjrgza3cc8ylrh8fecp0 (the sole address that directly funded the named consolidation address bc1qq85v2c926eg6pgxhwp6q7lf6cnsz80qs3fcu9r within the target block range) and is itself confirmed inside that same block range.,"tools/onchain/trace_cluster.py (mempool.space API, live query)"
1d8ca0deeb3428bf2aaf70baaa09b9b074014ebe91363ea124c20080767da868,960190,000000000000000000005cd3ef8a8583807efa1cd1566a6608b16ca297fb0f8e,2026-07-30T01:43:00+00:00,1,43649210,1,43645910,3300,30.137,v0_p2wpkh,v0_p2wpkh,bc1qnk4zh9qcnap2mycp56qjrgza3cc8ylrh8fecp0,sweep-funding-tx,high,Pays bc1qnk4zh9qcnap2mycp56qjrgza3cc8ylrh8fecp0 (the sole address that directly funded the named consolidation address bc1qq85v2c926eg6pgxhwp6q7lf6cnsz80qs3fcu9r within the target block range) and is itself confirmed inside that same block range.,"tools/onchain/trace_cluster.py (mempool.space API, live query)"
1ddd898548b1f9406da91d93313119008444fe1e7dec1f4053211bba4ec7a64f,960190,000000000000000000005cd3ef8a8583807efa1cd1566a6608b16ca297fb0f8e,2026-07-30T01:43:00+00:00,27,32133116,1,32076776,56340,30.076,v0_p2wpkh,v0_p2wpkh,bc1qnk4zh9qcnap2mycp56qjrgza3cc8ylrh8fecp0,sweep-funding-tx,high,Pays bc1qnk4zh9qcnap2mycp56qjrgza3cc8ylrh8fecp0 (the sole address that directly funded the named consolidation address bc1qq85v2c926eg6pgxhwp6q7lf6cnsz80qs3fcu9r within the target block range) and is itself confirmed inside that same block range.,"tools/onchain/trace_cluster.py (mempool.space API, live query)"
1f2ac2172d83ccde3a8f89a867b13821f14d9818ff67c3f63a476e33685dd83e,960190,000000000000000000005cd3ef8a8583807efa1cd1566a6608b16ca297fb0f8e,2026-07-30T01:43:00+00:00,2,44831472,1,44826132,5340,30.085,v0_p2wpkh,v0_p2wpkh,bc1qnk4zh9qcnap2mycp56qjrgza3cc8ylrh8fecp0,sweep-funding-tx,high,Pays bc1qnk4zh9qcnap2mycp56qjrgza3cc8ylrh8fecp0 (the sole address that directly funded the named consolidation address bc1qq85v2c926eg6pgxhwp6q7lf6cnsz80qs3fcu9r within the target block range) and is itself confirmed inside that same block range.,"tools/onchain/trace_cluster.py (mempool.space API, live query)"
27eb67282ba83bea374c08c20127ba07cee7b4cf8d560245908b05ae91dc9e55,960190,000000000000000000005cd3ef8a8583807efa1cd1566a6608b16ca297fb0f8e,2026-07-30T01:43:00+00:00,1,32259355,1,32255365,3990,30.17,p2sh,v0_p2wpkh,bc1qnk4zh9qcnap2mycp56qjrgza3cc8ylrh8fecp0,sweep-funding-tx,high,Pays bc1qnk4zh9qcnap2mycp56qjrgza3cc8ylrh8fecp0 (the sole address that directly funded the named consolidation address bc1qq85v2c926eg6pgxhwp6q7lf6cnsz80qs3fcu9r within the target block range) and is itself confirmed inside that same block range.,"tools/onchain/trace_cluster.py (mempool.space API, live query)"
284d94d4111a94f1f0d510daa46de9ed6fb44036f61a705bedc90258c1fc4bbd,960190,000000000000000000005cd3ef8a8583807efa1cd1566a6608b16ca297fb0f8e,2026-07-30T01:43:00+00:00,1,32974500,1,32971200,3300,30.137,v0_p2wpkh,v0_p2wpkh,bc1qnk4zh9qcnap2mycp56qjrgza3cc8ylrh8fecp0,sweep-funding-tx,high,Pays bc1qnk4zh9qcnap2mycp56qjrgza3cc8ylrh8fecp0 (the sole address that directly funded the named consolidation address bc1qq85v2c926eg6pgxhwp6q7lf6cnsz80qs3fcu9r within the target block range) and is itself confirmed inside that same block range.,"tools/onchain/trace_cluster.py (mempool.space API, live query)"
29e12b46a89e9fef2ce5da294fe3599ffa6259425e67c6d76694abad3cdedab2,960190,000000000000000000005cd3ef8a8583807efa1cd1566a6608b16ca297fb0f8e,2026-07-30T01:43:00+00:00,1,35287891,1,35284591,3300,30.137,v0_p2wpkh,v0_p2wpkh,bc1qnk4zh9qcnap2mycp56qjrgza3cc8ylrh8fecp0,sweep-funding-tx,high,Pays bc1qnk4zh9qcnap2mycp56qjrgza3cc8ylrh8fecp0 (the sole address that directly funded the named consolidation address bc1qq85v2c926eg6pgxhwp6q7lf6cnsz80qs3fcu9r within the target block range) and is itself confirmed inside that same block range.,"tools/onchain/trace_cluster.py (mempool.space API, live query)"
2a480be86b75cf7aadcb0799538b8fe5edac7494a5c3ecfe05e3f05698b33b6f,960190,000000000000000000005cd3ef8a8583807efa1cd1566a6608b16ca297fb0f8e,2026-07-30T01:43:00+00:00,1,34623225,1,34619925,3300,30.137,v0_p2wpkh,v0_p2wpkh,bc1qnk4zh9qcnap2mycp56qjrgza3cc8ylrh8fecp0,sweep-funding-tx,high,Pays bc1qnk4zh9qcnap2mycp56qjrgza3cc8ylrh8fecp0 (the sole address that directly funded the named consolidation address bc1qq85v2c926eg6pgxhwp6q7lf6cnsz80qs3fcu9r within the target block range) and is itself confirmed inside that same block range.,"tools/onchain/trace_cluster.py (mempool.space API, live query)"
2c91018a1560666d2805aee1e3f3cd8767644eafe7623002da1f3911d3324ee2,960190,000000000000000000005cd3ef8a8583807efa1cd1566a6608b16ca297fb0f8e,2026-07-30T01:43:00+00:00,2,33886806,1,33881466,5340,30.127,v0_p2wpkh,v0_p2wpkh,bc1qnk4zh9qcnap2mycp56qjrgza3cc8ylrh8fecp0,sweep-funding-tx,high,Pays bc1qnk4zh9qcnap2mycp56qjrgza3cc8ylrh8fecp0 (the sole address that directly funded the named consolidation address bc1qq85v2c926eg6pgxhwp6q7lf6cnsz80qs3fcu9r within the target block range) and is itself confirmed inside that same block range.,"tools/onchain/trace_cluster.py (mempool.space API, live query)"
2cf5234cc013b9bb01428303acefe0adc83b679e4bc7d24c01187f0cbafd4f2e,960190,000000000000000000005cd3ef8a8583807efa1cd1566a6608b16ca297fb0f8e,2026-07-30T01:43:00+00:00,1,31083900,1,31080600,3300,30.206,v0_p2wpkh,v0_p2wpkh,bc1qnk4zh9qcnap2mycp56qjrgza3cc8ylrh8fecp0,sweep-funding-tx,high,Pays bc1qnk4zh9qcnap2mycp56qjrgza3cc8ylrh8fecp0 (the sole address that directly funded the named consolidation address bc1qq85v2c926eg6pgxhwp6q7lf6cnsz80qs3fcu9r within the target block range) and is itself confirmed inside that same block range.,"tools/onchain/trace_cluster.py (mempool.space API, live query)"
2e7e89b0fdeb9c2afc04c9435e5f450f0a7aaf70fa5f3f7c3cd0909a70c56733,960190,000000000000000000005cd3ef8a8583807efa1cd1566a6608b16ca297fb0f8e,2026-07-30T01:43:00+00:00,1,41760496,1,41757196,3300,30.137,v0_p2wpkh,v0_p2wpkh,bc1qnk4zh9qcnap2mycp56qjrgza3cc8ylrh8fecp0,sweep-funding-tx,high,Pays bc1qnk4zh9qcnap2mycp56qjrgza3cc8ylrh8fecp0 (the sole address that directly funded the named consolidation address bc1qq85v2c926eg6pgxhwp6q7lf6cnsz80qs3fcu9r within the target block range) and is itself confirmed inside that same block range.,"tools/onchain/trace_cluster.py (mempool.space API, live query)"
2fa4f03483a6d967f144d7d8090f07497ce551f4e3c4fbfe5825e7ad43abc94b,960190,000000000000000000005cd3ef8a8583807efa1cd1566a6608b16ca297fb0f8e,2026-07-30T01:43:00+00:00,1,44453078,1,44449778,3300,30.206,v0_p2wpkh,v0_p2wpkh,bc1qnk4zh9qcnap2mycp56qjrgza3cc8ylrh8fecp0,sweep-funding-tx,high,Pays bc1qnk4zh9qcnap2mycp56qjrgza3cc8ylrh8fecp0 (the sole address that directly funded the named consolidation address bc1qq85v2c926eg6pgxhwp6q7lf6cnsz80qs3fcu9r within the target block range) and is itself confirmed inside that same block range.,"tools/onchain/trace_cluster.py (mempool.space API, live query)"
2fac63104350c5727d591217db6e80c7492edaadf1450a846ef4472767ff89a4,960190,000000000000000000005cd3ef8a8583807efa1cd1566a6608b16ca297fb0f8e,2026-07-30T01:43:00+00:00,1,40879719,1,40876419,3300,30.137,v0_p2wpkh,v0_p2wpkh,bc1qnk4zh9qcnap2mycp56qjrgza3cc8ylrh8fecp0,sweep-funding-tx,high,Pays bc1qnk4zh9qcnap2mycp56qjrgza3cc8ylrh8fecp0 (the sole address that directly funded the named consolidation address bc1qq85v2c926eg6pgxhwp6q7lf6cnsz80qs3fcu9r within the target block range) and is itself confirmed inside that same block range.,"tools/onchain/trace_cluster.py (mempool.space API, live query)"
30e8bf72bb2b11e3395f60594f0cb32b4601bad9a129d39ed166738206cc376f,960190,000000000000000000005cd3ef8a8583807efa1cd1566a6608b16ca297fb0f8e,2026-07-30T01:43:00+00:00,1,30676800,1,30673500,3300,30.137,v0_p2wpkh,v0_p2wpkh,bc1qnk4zh9qcnap2mycp56qjrgza3cc8ylrh8fecp0,sweep-funding-tx,high,Pays bc1qnk4zh9qcnap2mycp56qjrgza3cc8ylrh8fecp0 (the sole address that directly funded the named consolidation address bc1qq85v2c926eg6pgxhwp6q7lf6cnsz80qs3fcu9r within the target block range) and is itself confirmed inside that same block range.,"tools/onchain/trace_cluster.py (mempool.space API, live query)"
3381f78f267999b637b96671c5e849ce0b675bd0083ed1dedbbf2b7703ab25e3,960190,000000000000000000005cd3ef8a8583807efa1cd1566a6608b16ca297fb0f8e,2026-07-30T01:43:00+00:00,1,50000000,1,49996700,3300,30.206,v0_p2wpkh,v0_p2wpkh,bc1qnk4zh9qcnap2mycp56qjrgza3cc8ylrh8fecp0,sweep-funding-tx,high,Pays bc1qnk4zh9qcnap2mycp56qjrgza3cc8ylrh8fecp0 (the sole address that directly funded the named consolidation address bc1qq85v2c926eg6pgxhwp6q7lf6cnsz80qs3fcu9r within the target block range) and is itself confirmed inside that same block range.,"tools/onchain/trace_cluster.py (mempool.space API, live query)"
33d29d0109be8327eb27edb883b95736a89566decab9d10d51271ccb3017f3e4,960190,000000000000000000005cd3ef8a8583807efa1cd1566a6608b16ca297fb0f8e,2026-07-30T01:43:00+00:00,1,31347848,1,31344548,3300,30.206,v0_p2wpkh,v0_p2wpkh,bc1qnk4zh9qcnap2mycp56qjrgza3cc8ylrh8fecp0,sweep-funding-tx,high,Pays bc1qnk4zh9qcnap2mycp56qjrgza3cc8ylrh8fecp0 (the sole address that directly funded the named consolidation address bc1qq85v2c926eg6pgxhwp6q7lf6cnsz80qs3fcu9r within the target block range) and is itself confirmed inside that same block range.,"tools/onchain/trace_cluster.py (mempool.space API, live query)"
34d5a278501ebefab7c4bf218165e8881ff9f388a077a22303ce10fa25dec312,960190,000000000000000000005cd3ef8a8583807efa1cd1566a6608b16ca297fb0f8e,2026-07-30T01:43:00+00:00,1,49445106,1,49441806,3300,30.137,v0_p2wpkh,v0_p2wpkh,bc1qnk4zh9qcnap2mycp56qjrgza3cc8ylrh8fecp0,sweep-funding-tx,high,Pays bc1qnk4zh9qcnap2mycp56qjrgza3cc8ylrh8fecp0 (the sole address that directly funded the named consolidation address bc1qq85v2c926eg6pgxhwp6q7lf6cnsz80qs3fcu9r within the target block range) and is itself confirmed inside that same block range.,"tools/onchain/trace_cluster.py (mempool.space API, live query)"
35b18faef9c97f7966f1c4b16cbdb24cb9031cf459637b6a91e8a90f082d22fe,960190,000000000000000000005cd3ef8a8583807efa1cd1566a6608b16ca297fb0f8e,2026-07-30T01:43:00+00:00,1,59996100,1,59992800,3300,30.137,v0_p2wpkh,v0_p2wpkh,bc1qnk4zh9qcnap2mycp56qjrgza3cc8ylrh8fecp0,sweep-funding-tx,high,Pays bc1qnk4zh9qcnap2mycp56qjrgza3cc8ylrh8fecp0 (the sole address that directly funded the named consolidation address bc1qq85v2c926eg6pgxhwp6q7lf6cnsz80qs3fcu9r within the target block range) and is itself confirmed inside that same block range.,"tools/onchain/trace_cluster.py (mempool.space API, live query)"
36ecc7614dd62b4e32e305af3f65bca78f0d2953c0c49af18a0c80cfe4f2a0b7,960190,000000000000000000005cd3ef8a8583807efa1cd1566a6608b16ca297fb0f8e,2026-07-30T01:43:00+00:00,1,39810620,1,39807320,3300,30.206,v0_p2wpkh,v0_p2wpkh,bc1qnk4zh9qcnap2mycp56qjrgza3cc8ylrh8fecp0,sweep-funding-tx,high,Pays bc1qnk4zh9qcnap2mycp56qjrgza3cc8ylrh8fecp0 (the sole address that directly funded the named consolidation address bc1qq85v2c926eg6pgxhwp6q7lf6cnsz80qs3fcu9r within the target block range) and is itself confirmed inside that same block range.,"tools/onchain/trace_cluster.py (mempool.space API, live query)"
37891d2a94de0cb9380499a9e71ba2dd4b7b5042b86c09292042e6c45f650c9e,960190,000000000000000000005cd3ef8a8583807efa1cd1566a6608b16ca297fb0f8e,2026-07-30T01:43:00+00:00,1,57533648,1,57530348,3300,30.137,v0_p2wpkh,v0_p2wpkh,bc1qnk4zh9qcnap2mycp56qjrgza3cc8ylrh8fecp0,sweep-funding-tx,high,Pays bc1qnk4zh9qcnap2mycp56qjrgza3cc8ylrh8fecp0 (the sole address that directly funded the named consolidation address bc1qq85v2c926eg6pgxhwp6q7lf6cnsz80qs3fcu9r within the target block range) and is itself confirmed inside that same block range.,"tools/onchain/trace_cluster.py (mempool.space API, live query)"
38eb8e344fad7fc8478439fcf83bf28d85ebd8060b7220a71f5ab4769573f58a,960190,000000000000000000005cd3ef8a8583807efa1cd1566a6608b16ca297fb0f8e,2026-07-30T01:43:00+00:00,1,44998672,1,44995372,3300,30.137,v0_p2wpkh,v0_p2wpkh,bc1qnk4zh9qcnap2mycp56qjrgza3cc8ylrh8fecp0,sweep-funding-tx,high,Pays bc1qnk4zh9qcnap2mycp56qjrgza3cc8ylrh8fecp0 (the sole address that directly funded the named consolidation address bc1qq85v2c926eg6pgxhwp6q7lf6cnsz80qs3fcu9r within the target block range) and is itself confirmed inside that same block range.,"tools/onchain/trace_cluster.py (mempool.space API, live query)"
3a26b7c759a7d46dd3eba0980efee18388f1c93ebcffe7df1d15d56c436771d6,960190,000000000000000000005cd3ef8a8583807efa1cd1566a6608b16ca297fb0f8e,2026-07-30T01:43:00+00:00,1,45884715,1,45881415,3300,30.206,v0_p2wpkh,v0_p2wpkh,bc1qnk4zh9qcnap2mycp56qjrgza3cc8ylrh8fecp0,sweep-funding-tx,high,Pays bc1qnk4zh9qcnap2mycp56qjrgza3cc8ylrh8fecp0 (the sole address that directly funded the named consolidation address bc1qq85v2c926eg6pgxhwp6q7lf6cnsz80qs3fcu9r within the target block range) and is itself confirmed inside that same block range.,"tools/onchain/trace_cluster.py (mempool.space API, live query)"
3ca52d2513825ac75bb9d5039ae7a175a9d360db3e01496a737f28f463e37547,960190,000000000000000000005cd3ef8a8583807efa1cd1566a6608b16ca297fb0f8e,2026-07-30T01:43:00+00:00,1,48000000,1,47996700,3300,30.137,v0_p2wpkh,v0_p2wpkh,bc1qnk4zh9qcnap2mycp56qjrgza3cc8ylrh8fecp0,sweep-funding-tx,high,Pays bc1qnk4zh9qcnap2mycp56qjrgza3cc8ylrh8fecp0 (the sole address that directly funded the named consolidation address bc1qq85v2c926eg6pgxhwp6q7lf6cnsz80qs3fcu9r within the target block range) and is itself confirmed inside that same block range.,"tools/onchain/trace_cluster.py (mempool.space API, live query)"
3d3b253d665e2f9b14ebeb549b0900498b24f77509b8ab3495af8383fc084b4a,960190,000000000000000000005cd3ef8a8583807efa1cd1566a6608b16ca297fb0f8e,2026-07-30T01:43:00+00:00,1,50000000,1,49996700,3300,30.206,v0_p2wpkh,v0_p2wpkh,bc1qnk4zh9qcnap2mycp56qjrgza3cc8ylrh8fecp0,sweep-funding-tx,high,Pays bc1qnk4zh9qcnap2mycp56qjrgza3cc8ylrh8fecp0 (the sole address that directly funded the named consolidation address bc1qq85v2c926eg6pgxhwp6q7lf6cnsz80qs3fcu9r within the target block range) and is itself confirmed inside that same block range.,"tools/onchain/trace_cluster.py (mempool.space API, live query)"
41cf371cdb9d3a9d9e9ab1b4dabb4a730c98f2caaa8575aa02f013dbdb943904,960190,000000000000000000005cd3ef8a8583807efa1cd1566a6608b16ca297fb0f8e,2026-07-30T01:43:00+00:00,3,29882236,1,29874856,7380,30.122,v0_p2wpkh,v0_p2wpkh,bc1qnk4zh9qcnap2mycp56qjrgza3cc8ylrh8fecp0,sweep-funding-tx,high,Pays bc1qnk4zh9qcnap2mycp56qjrgza3cc8ylrh8fecp0 (the sole address that directly funded the named consolidation address bc1qq85v2c926eg6pgxhwp6q7lf6cnsz80qs3fcu9r within the target block range) and is itself confirmed inside that same block range.,"tools/onchain/trace_cluster.py (mempool.space API, live query)"
4292921b47616aa605fa12098c6263635f61250b6f0c26e9a306e74bbffce488,960190,000000000000000000005cd3ef8a8583807efa1cd1566a6608b16ca297fb0f8e,2026-07-30T01:43:00+00:00,3,27000000,1,26992620,7380,30.122,v0_p2wpkh,v0_p2wpkh,bc1qnk4zh9qcnap2mycp56qjrgza3cc8ylrh8fecp0,sweep-funding-tx,high,Pays bc1qnk4zh9qcnap2mycp56qjrgza3cc8ylrh8fecp0 (the sole address that directly funded the named consolidation address bc1qq85v2c926eg6pgxhwp6q7lf6cnsz80qs3fcu9r within the target block range) and is itself confirmed inside that same block range.,"tools/onchain/trace_cluster.py (mempool.space API, live query)"
43337b26b518ff482f9cc81a8efba4b0901dc8ccc7085eb3cf493745e15e7aee,960190,000000000000000000005cd3ef8a8583807efa1cd1566a6608b16ca297fb0f8e,2026-07-30T01:43:00+00:00,1,32713926,1,32710626,3300,30.206,v0_p2wpkh,v0_p2wpkh,bc1qnk4zh9qcnap2mycp56qjrgza3cc8ylrh8fecp0,sweep-funding-tx,high,Pays bc1qnk4zh9qcnap2mycp56qjrgza3cc8ylrh8fecp0 (the sole address that directly funded the named consolidation address bc1qq85v2c926eg6pgxhwp6q7lf6cnsz80qs3fcu9r within the target block range) and is itself confirmed inside that same block range.,"tools/onchain/trace_cluster.py (mempool.space API, live query)"
43520bd70cc83ebc27a6071f9e97f478b9b7ef7329bab7b69eebba1e60f6bc59,960190,000000000000000000005cd3ef8a8583807efa1cd1566a6608b16ca297fb0f8e,2026-07-30T01:43:00+00:00,200,31558288,1,31149028,409260,30.053,v0_p2wpkh,v0_p2wpkh,bc1qnk4zh9qcnap2mycp56qjrgza3cc8ylrh8fecp0,sweep-funding-tx,high,Pays bc1qnk4zh9qcnap2mycp56qjrgza3cc8ylrh8fecp0 (the sole address that directly funded the named consolidation address bc1qq85v2c926eg6pgxhwp6q7lf6cnsz80qs3fcu9r within the target block range) and is itself confirmed inside that same block range.,"tools/onchain/trace_cluster.py (mempool.space API, live query)"
43d2a6bad8b42b3c60eba6ea05c77c87146a560ad46f08e0f74b66f52894d9ac,960190,000000000000000000005cd3ef8a8583807efa1cd1566a6608b16ca297fb0f8e,2026-07-30T01:43:00+00:00,1,33210783,1,33207483,3300,30.206,v0_p2wpkh,v0_p2wpkh,bc1qnk4zh9qcnap2mycp56qjrgza3cc8ylrh8fecp0,sweep-funding-tx,high,Pays bc1qnk4zh9qcnap2mycp56qjrgza3cc8ylrh8fecp0 (the sole address that directly funded the named consolidation address bc1qq85v2c926eg6pgxhwp6q7lf6cnsz80qs3fcu9r within the target block range) and is itself confirmed inside that same block range.,"tools/onchain/trace_cluster.py (mempool.space API, live query)"
43de96d10a2fbfc003affaed1a0032fd07aec4eb3ba9ffab59735a634af80db5,960190,000000000000000000005cd3ef8a8583807efa1cd1566a6608b16ca297fb0f8e,2026-07-30T01:43:00+00:00,1,43753351,1,43750051,3300,30.137,v0_p2wpkh,v0_p2wpkh,bc1qnk4zh9qcnap2mycp56qjrgza3cc8ylrh8fecp0,sweep-funding-tx,high,Pays bc1qnk4zh9qcnap2mycp56qjrgza3cc8ylrh8fecp0 (the sole address that directly funded the named consolidation address bc1qq85v2c926eg6pgxhwp6q7lf6cnsz80qs3fcu9r within the target block range) and is itself confirmed inside that same block range.,"tools/onchain/trace_cluster.py (mempool.space API, live query)"
4544ac55132dc8ccb9ca6468d3af562dc7ab0c0b9d75b6e401a7d2c4d3a91977,960190,000000000000000000005cd3ef8a8583807efa1cd1566a6608b16ca297fb0f8e,2026-07-30T01:43:00+00:00,1,33341158,1,33337858,3300,30.137,v0_p2wpkh,v0_p2wpkh,bc1qnk4zh9qcnap2mycp56qjrgza3cc8ylrh8fecp0,sweep-funding-tx,high,Pays bc1qnk4zh9qcnap2mycp56qjrgza3cc8ylrh8fecp0 (the sole address that directly funded the named consolidation address bc1qq85v2c926eg6pgxhwp6q7lf6cnsz80qs3fcu9r within the target block range) and is itself confirmed inside that same block range.,"tools/onchain/trace_cluster.py (mempool.space API, live query)"
4589913ae726e9660b71e564d37eecd2a3fe77fea08251fe4ddae549750946a9,960190,000000000000000000005cd3ef8a8583807efa1cd1566a6608b16ca297fb0f8e,2026-07-30T01:43:00+00:00,1,49843444,1,49840144,3300,30.206,v0_p2wpkh,v0_p2wpkh,bc1qnk4zh9qcnap2mycp56qjrgza3cc8ylrh8fecp0,sweep-funding-tx,high,Pays bc1qnk4zh9qcnap2mycp56qjrgza3cc8ylrh8fecp0 (the sole address that directly funded the named consolidation address bc1qq85v2c926eg6pgxhwp6q7lf6cnsz80qs3fcu9r within the target block range) and is itself confirmed inside that same block range.,"tools/onchain/trace_cluster.py (mempool.space API, live query)"
45f61257a7ce1285cdcd35610ead4d1646bd83eb24681c6a8cb2b2c608c314bd,960190,000000000000000000005cd3ef8a8583807efa1cd1566a6608b16ca297fb0f8e,2026-07-30T01:43:00+00:00,2,52796000,1,52790660,5340,30.127,v0_p2wpkh,v0_p2wpkh,bc1qnk4zh9qcnap2mycp56qjrgza3cc8ylrh8fecp0,sweep-funding-tx,high,Pays bc1qnk4zh9qcnap2mycp56qjrgza3cc8ylrh8fecp0 (the sole address that directly funded the named consolidation address bc1qq85v2c926eg6pgxhwp6q7lf6cnsz80qs3fcu9r within the target block range) and is itself confirmed inside that same block range.,"tools/onchain/trace_cluster.py (mempool.space API, live query)"
46861f3938a175d2e10dfa25415c7fc9633103b6e57de430a1f7c4f0ddf0b404,960190,000000000000000000005cd3ef8a8583807efa1cd1566a6608b16ca297fb0f8e,2026-07-30T01:43:00+00:00,1,60511395,1,60508095,3300,30.206,v0_p2wpkh,v0_p2wpkh,bc1qnk4zh9qcnap2mycp56qjrgza3cc8ylrh8fecp0,sweep-funding-tx,high,Pays bc1qnk4zh9qcnap2mycp56qjrgza3cc8ylrh8fecp0 (the sole address that directly funded the named consolidation address bc1qq85v2c926eg6pgxhwp6q7lf6cnsz80qs3fcu9r within the target block range) and is itself confirmed inside that same block range.,"tools/onchain/trace_cluster.py (mempool.space API, live query)"
46bacdd33b4cb2a5ee8a942ae2baf2418ea358a8c25ead31dc114a9133b27e14,960190,000000000000000000005cd3ef8a8583807efa1cd1566a6608b16ca297fb0f8e,2026-07-30T01:43:00+00:00,1,59211309,1,59208009,3300,30.206,v0_p2wpkh,v0_p2wpkh,bc1qnk4zh9qcnap2mycp56qjrgza3cc8ylrh8fecp0,sweep-funding-tx,high,Pays bc1qnk4zh9qcnap2mycp56qjrgza3cc8ylrh8fecp0 (the sole address that directly funded the named consolidation address bc1qq85v2c926eg6pgxhwp6q7lf6cnsz80qs3fcu9r within the target block range) and is itself confirmed inside that same block range.,"tools/onchain/trace_cluster.py (mempool.space API, live query)"
488a89e648661b7a3bb7e21ca8cf76b8e65b33a5c682c0d4d7649edf700cbd09,960190,000000000000000000005cd3ef8a8583807efa1cd1566a6608b16ca297fb0f8e,2026-07-30T01:43:00+00:00,1,49350720,1,49347420,3300,30.206,v0_p2wpkh,v0_p2wpkh,bc1qnk4zh9qcnap2mycp56qjrgza3cc8ylrh8fecp0,sweep-funding-tx,high,Pays bc1qnk4zh9qcnap2mycp56qjrgza3cc8ylrh8fecp0 (the sole address that directly funded the named consolidation address bc1qq85v2c926eg6pgxhwp6q7lf6cnsz80qs3fcu9r within the target block range) and is itself confirmed inside that same block range.,"tools/onchain/trace_cluster.py (mempool.space API, live query)"
4ca4342597025fc5f31ae3baf1542ebb522ba7bd46556dd46e5310b6b2122576,960190,000000000000000000005cd3ef8a8583807efa1cd1566a6608b16ca297fb0f8e,2026-07-30T01:43:00+00:00,1,47449620,1,47446320,3300,30.137,v0_p2wpkh,v0_p2wpkh,bc1qnk4zh9qcnap2mycp56qjrgza3cc8ylrh8fecp0,sweep-funding-tx,high,Pays bc1qnk4zh9qcnap2mycp56qjrgza3cc8ylrh8fecp0 (the sole address that directly funded the named consolidation address bc1qq85v2c926eg6pgxhwp6q7lf6cnsz80qs3fcu9r within the target block range) and is itself confirmed inside that same block range.,"tools/onchain/trace_cluster.py (mempool.space API, live query)"
4d6b7d98aad3503fd2b319445971500ad204b263f89299527189aa55dbf0828f,960190,000000000000000000005cd3ef8a8583807efa1cd1566a6608b16ca297fb0f8e,2026-07-30T01:43:00+00:00,1,31065700,1,31062400,3300,30.137,v0_p2wpkh,v0_p2wpkh,bc1qnk4zh9qcnap2mycp56qjrgza3cc8ylrh8fecp0,sweep-funding-tx,high,Pays bc1qnk4zh9qcnap2mycp56qjrgza3cc8ylrh8fecp0 (the sole address that directly funded the named consolidation address bc1qq85v2c926eg6pgxhwp6q7lf6cnsz80qs3fcu9r within the target block range) and is itself confirmed inside that same block range.,"tools/onchain/trace_cluster.py (mempool.space API, live query)"
4ea0c11152132deab258abe106b377a8e43b64496a7d6e092982204e291659a2,960190,000000000000000000005cd3ef8a8583807efa1cd1566a6608b16ca297fb0f8e,2026-07-30T01:43:00+00:00,3,58520669,1,58513289,7380,30.153,v0_p2wpkh,v0_p2wpkh,bc1qnk4zh9qcnap2mycp56qjrgza3cc8ylrh8fecp0,sweep-funding-tx,high,Pays bc1qnk4zh9qcnap2mycp56qjrgza3cc8ylrh8fecp0 (the sole address that directly funded the named consolidation address bc1qq85v2c926eg6pgxhwp6q7lf6cnsz80qs3fcu9r within the target block range) and is itself confirmed inside that same block range.,"tools/onchain/trace_cluster.py (mempool.space API, live query)"
5036de798477ba3e48f82f2469d3be5401ecda01626dd944d8ee6d02d3d3bf58,960190,000000000000000000005cd3ef8a8583807efa1cd1566a6608b16ca297fb0f8e,2026-07-30T01:43:00+00:00,60,88742361,1,88474701,267660,30.118,p2pkh,v0_p2wpkh,bc1qnk4zh9qcnap2mycp56qjrgza3cc8ylrh8fecp0,sweep-funding-tx,high,Pays bc1qnk4zh9qcnap2mycp56qjrgza3cc8ylrh8fecp0 (the sole address that directly funded the named consolidation address bc1qq85v2c926eg6pgxhwp6q7lf6cnsz80qs3fcu9r within the target block range) and is itself confirmed inside that same block range.,"tools/onchain/trace_cluster.py (mempool.space API, live query)"
52e3a3f06d7885f3062ddcbf1175e0bb5d4d6f2175e71385a0ad919435a15521,960190,000000000000000000005cd3ef8a8583807efa1cd1566a6608b16ca297fb0f8e,2026-07-30T01:43:00+00:00,1,26608990,1,26605690,3300,30.206,v0_p2wpkh,v0_p2wpkh,bc1qnk4zh9qcnap2mycp56qjrgza3cc8ylrh8fecp0,sweep-funding-tx,high,Pays bc1qnk4zh9qcnap2mycp56qjrgza3cc8ylrh8fecp0 (the sole address that directly funded the named consolidation address bc1qq85v2c926eg6pgxhwp6q7lf6cnsz80qs3fcu9r within the target block range) and is itself confirmed inside that same block range.,"tools/onchain/trace_cluster.py (mempool.space API, live query)"
54aa554a53ac3f9604d8aed24fa4e85598e8626434413c83edaba01ed75137f7,960190,000000000000000000005cd3ef8a8583807efa1cd1566a6608b16ca297fb0f8e,2026-07-30T01:43:00+00:00,1,33059993,1,33056693,3300,30.137,v0_p2wpkh,v0_p2wpkh,bc1qnk4zh9qcnap2mycp56qjrgza3cc8ylrh8fecp0,sweep-funding-tx,high,Pays bc1qnk4zh9qcnap2mycp56qjrgza3cc8ylrh8fecp0 (the sole address that directly funded the named consolidation address bc1qq85v2c926eg6pgxhwp6q7lf6cnsz80qs3fcu9r within the target block range) and is itself confirmed inside that same block range.,"tools/onchain/trace_cluster.py (mempool.space API, live query)"
59fc8f59ec3f0204386a81ee45a8930283f4dfbe2fa2be33964bf43e5c797ade,960190,000000000000000000005cd3ef8a8583807efa1cd1566a6608b16ca297fb0f8e,2026-07-30T01:43:00+00:00,2,30998000,1,30992660,5340,30.085,v0_p2wpkh,v0_p2wpkh,bc1qnk4zh9qcnap2mycp56qjrgza3cc8ylrh8fecp0,sweep-funding-tx,high,Pays bc1qnk4zh9qcnap2mycp56qjrgza3cc8ylrh8fecp0 (the sole address that directly funded the named consolidation address bc1qq85v2c926eg6pgxhwp6q7lf6cnsz80qs3fcu9r within the target block range) and is itself confirmed inside that same block range.,"tools/onchain/trace_cluster.py (mempool.space API, live query)"
5a2a41ec1c988d2fd4890bab54c2bec595c16c0895d2cc2af3f1095beb075854,960190,000000000000000000005cd3ef8a8583807efa1cd1566a6608b16ca297fb0f8e,2026-07-30T01:43:00+00:00,1,27539948,1,27536648,3300,30.206,v0_p2wpkh,v0_p2wpkh,bc1qnk4zh9qcnap2mycp56qjrgza3cc8ylrh8fecp0,sweep-funding-tx,high,Pays bc1qnk4zh9qcnap2mycp56qjrgza3cc8ylrh8fecp0 (the sole address that directly funded the named consolidation address bc1qq85v2c926eg6pgxhwp6q7lf6cnsz80qs3fcu9r within the target block range) and is itself confirmed inside that same block range.,"tools/onchain/trace_cluster.py (mempool.space API, live query)"
5a5d248d15455031baa79768254400174d895f2eb4210e398ed3a283c7b3a98e,960190,000000000000000000005cd3ef8a8583807efa1cd1566a6608b16ca297fb0f8e,2026-07-30T01:43:00+00:00,1,41740400,1,41737100,3300,30.137,v0_p2wpkh,v0_p2wpkh,bc1qnk4zh9qcnap2mycp56qjrgza3cc8ylrh8fecp0,sweep-funding-tx,high,Pays bc1qnk4zh9qcnap2mycp56qjrgza3cc8ylrh8fecp0 (the sole address that directly funded the named consolidation address bc1qq85v2c926eg6pgxhwp6q7lf6cnsz80qs3fcu9r within the target block range) and is itself confirmed inside that same block range.,"tools/onchain/trace_cluster.py (mempool.space API, live query)"
5aeceb606da5d33a6f0fd5eb4914dce0eb3283c4034df5e6df6f0004c95b0678,960190,000000000000000000005cd3ef8a8583807efa1cd1566a6608b16ca297fb0f8e,2026-07-30T01:43:00+00:00,1,52015976,1,52012676,3300,30.206,v0_p2wpkh,v0_p2wpkh,bc1qnk4zh9qcnap2mycp56qjrgza3cc8ylrh8fecp0,sweep-funding-tx,high,Pays bc1qnk4zh9qcnap2mycp56qjrgza3cc8ylrh8fecp0 (the sole address that directly funded the named consolidation address bc1qq85v2c926eg6pgxhwp6q7lf6cnsz80qs3fcu9r within the target block range) and is itself confirmed inside that same block range.,"tools/onchain/trace_cluster.py (mempool.space API, live query)"
5c0ae54be94f3ee432c0a4c84e032af28f12d42a19b7292ad46d69675ce41867,960190,000000000000000000005cd3ef8a8583807efa1cd1566a6608b16ca297fb0f8e,2026-07-30T01:43:00+00:00,4,59750000,1,59740580,9420,30.072,v0_p2wpkh,v0_p2wpkh,bc1qnk4zh9qcnap2mycp56qjrgza3cc8ylrh8fecp0,sweep-funding-tx,high,Pays bc1qnk4zh9qcnap2mycp56qjrgza3cc8ylrh8fecp0 (the sole address that directly funded the named consolidation address bc1qq85v2c926eg6pgxhwp6q7lf6cnsz80qs3fcu9r within the target block range) and is itself confirmed inside that same block range.,"tools/onchain/trace_cluster.py (mempool.space API, live query)"
625066bfa455ae1f5fe833830b30746a108632e8d7993ee262bc7e33cbf8bb2b,960190,000000000000000000005cd3ef8a8583807efa1cd1566a6608b16ca297fb0f8e,2026-07-30T01:43:00+00:00,1,42107813,1,42104513,3300,30.206,v0_p2wpkh,v0_p2wpkh,bc1qnk4zh9qcnap2mycp56qjrgza3cc8ylrh8fecp0,sweep-funding-tx,high,Pays bc1qnk4zh9qcnap2mycp56qjrgza3cc8ylrh8fecp0 (the sole address that directly funded the named consolidation address bc1qq85v2c926eg6pgxhwp6q7lf6cnsz80qs3fcu9r within the target block range) and is itself confirmed inside that same block range.,"tools/onchain/trace_cluster.py (mempool.space API, live query)"
62b16bc5b7ac3db2ca79007610874f8e7d951da2b018258e7486839c06e05bb2,960190,000000000000000000005cd3ef8a8583807efa1cd1566a6608b16ca297fb0f8e,2026-07-30T01:43:00+00:00,1,30676042,1,30672742,3300,30.206,v0_p2wpkh,v0_p2wpkh,bc1qnk4zh9qcnap2mycp56qjrgza3cc8ylrh8fecp0,sweep-funding-tx,high,Pays bc1qnk4zh9qcnap2mycp56qjrgza3cc8ylrh8fecp0 (the sole address that directly funded the named consolidation address bc1qq85v2c926eg6pgxhwp6q7lf6cnsz80qs3fcu9r within the target block range) and is itself confirmed inside that same block range.,"tools/onchain/trace_cluster.py (mempool.space API, live query)"
63496be9efbf7ffc5938e886724e26932ded391cd905920ef10605d372027c66,960190,000000000000000000005cd3ef8a8583807efa1cd1566a6608b16ca297fb0f8e,2026-07-30T01:43:00+00:00,2,39146846,1,39141506,5340,30.127,v0_p2wpkh,v0_p2wpkh,bc1qnk4zh9qcnap2mycp56qjrgza3cc8ylrh8fecp0,sweep-funding-tx,high,Pays bc1qnk4zh9qcnap2mycp56qjrgza3cc8ylrh8fecp0 (the sole address that directly funded the named consolidation address bc1qq85v2c926eg6pgxhwp6q7lf6cnsz80qs3fcu9r within the target block range) and is itself confirmed inside that same block range.,"tools/onchain/trace_cluster.py (mempool.space API, live query)"
635ad00254c6cffdd1cc082e41c6b64b331c8562bb6ab8d8d20ed6fed35efb98,960190,000000000000000000005cd3ef8a8583807efa1cd1566a6608b16ca297fb0f8e,2026-07-30T01:43:00+00:00,1,42369362,1,42366062,3300,30.206,v0_p2wpkh,v0_p2wpkh,bc1qnk4zh9qcnap2mycp56qjrgza3cc8ylrh8fecp0,sweep-funding-tx,high,Pays bc1qnk4zh9qcnap2mycp56qjrgza3cc8ylrh8fecp0 (the sole address that directly funded the named consolidation address bc1qq85v2c926eg6pgxhwp6q7lf6cnsz80qs3fcu9r within the target block range) and is itself confirmed inside that same block range.,"tools/onchain/trace_cluster.py (mempool.space API, live query)"
640b1179e87f3993c1dc948434115414a8c9e11f7802b573819edeff01f42e8d,960190,000000000000000000005cd3ef8a8583807efa1cd1566a6608b16ca297fb0f8e,2026-07-30T01:43:00+00:00,3,41640018,1,41632638,7380,30.061,v0_p2wpkh,v0_p2wpkh,bc1qnk4zh9qcnap2mycp56qjrgza3cc8ylrh8fecp0,sweep-funding-tx,high,Pays bc1qnk4zh9qcnap2mycp56qjrgza3cc8ylrh8fecp0 (the sole address that directly funded the named consolidation address bc1qq85v2c926eg6pgxhwp6q7lf6cnsz80qs3fcu9r within the target block range) and is itself confirmed inside that same block range.,"tools/onchain/trace_cluster.py (mempool.space API, live query)"
643e52f13f705fea1d1094e916d729cc501ab842b58858d87ccedf149ae5b71e,960190,000000000000000000005cd3ef8a8583807efa1cd1566a6608b16ca297fb0f8e,2026-07-30T01:43:00+00:00,1,27000000,1,26996700,3300,30.137,v0_p2wpkh,v0_p2wpkh,bc1qnk4zh9qcnap2mycp56qjrgza3cc8ylrh8fecp0,sweep-funding-tx,high,Pays bc1qnk4zh9qcnap2mycp56qjrgza3cc8ylrh8fecp0 (the sole address that directly funded the named consolidation address bc1qq85v2c926eg6pgxhwp6q7lf6cnsz80qs3fcu9r within the target block range) and is itself confirmed inside that same block range.,"tools/onchain/trace_cluster.py (mempool.space API, live query)"
646835f53248a90070e069dd7bcf614fd74147dadca6c4b3d973696eca327019,960190,000000000000000000005cd3ef8a8583807efa1cd1566a6608b16ca297fb0f8e,2026-07-30T01:43:00+00:00,1,27079680,1,27076380,3300,30.206,v0_p2wpkh,v0_p2wpkh,bc1qnk4zh9qcnap2mycp56qjrgza3cc8ylrh8fecp0,sweep-funding-tx,high,Pays bc1qnk4zh9qcnap2mycp56qjrgza3cc8ylrh8fecp0 (the sole address that directly funded the named consolidation address bc1qq85v2c926eg6pgxhwp6q7lf6cnsz80qs3fcu9r within the target block range) and is itself confirmed inside that same block range.,"tools/onchain/trace_cluster.py (mempool.space API, live query)"
65af53cc757d1718eb8420b2a5f625cfed98073b62d1b8530b983850b96a2290,960190,000000000000000000005cd3ef8a8583807efa1cd1566a6608b16ca297fb0f8e,2026-07-30T01:43:00+00:00,1,34664448,1,34661148,3300,30.206,v0_p2wpkh,v0_p2wpkh,bc1qnk4zh9qcnap2mycp56qjrgza3cc8ylrh8fecp0,sweep-funding-tx,high,Pays bc1qnk4zh9qcnap2mycp56qjrgza3cc8ylrh8fecp0 (the sole address that directly funded the named consolidation address bc1qq85v2c926eg6pgxhwp6q7lf6cnsz80qs3fcu9r within the target block range) and is itself confirmed inside that same block range.,"tools/onchain/trace_cluster.py (mempool.space API, live query)"
66699fc997c61c692465a3bde69b8b993918b7c8c4e863454a820c51bc496339,960190,000000000000000000005cd3ef8a8583807efa1cd1566a6608b16ca297fb0f8e,2026-07-30T01:43:00+00:00,1,45100000,1,45096700,3300,30.206,v0_p2wpkh,v0_p2wpkh,bc1qnk4zh9qcnap2mycp56qjrgza3cc8ylrh8fecp0,sweep-funding-tx,high,Pays bc1qnk4zh9qcnap2mycp56qjrgza3cc8ylrh8fecp0 (the sole address that directly funded the named consolidation address bc1qq85v2c926eg6pgxhwp6q7lf6cnsz80qs3fcu9r within the target block range) and is itself confirmed inside that same block range.,"tools/onchain/trace_cluster.py (mempool.space API, live query)"
67c9ba5c4775f6e44b389a6df36a2cfed42604a2326a28e39d963c2431ccdd9f,960190,000000000000000000005cd3ef8a8583807efa1cd1566a6608b16ca297fb0f8e,2026-07-30T01:43:00+00:00,1,53455605,1,53452305,3300,30.206,v0_p2wpkh,v0_p2wpkh,bc1qnk4zh9qcnap2mycp56qjrgza3cc8ylrh8fecp0,sweep-funding-tx,high,Pays bc1qnk4zh9qcnap2mycp56qjrgza3cc8ylrh8fecp0 (the sole address that directly funded the named consolidation address bc1qq85v2c926eg6pgxhwp6q7lf6cnsz80qs3fcu9r within the target block range) and is itself confirmed inside that same block range.,"tools/onchain/trace_cluster.py (mempool.space API, live query)"
681b6b4240d6ecc3a4c9c8441859603032c460fb1aa5011eba504ac512e63a19,960190,000000000000000000005cd3ef8a8583807efa1cd1566a6608b16ca297fb0f8e,2026-07-30T01:43:00+00:00,1,32278821,1,32275521,3300,30.206,v0_p2wpkh,v0_p2wpkh,bc1qnk4zh9qcnap2mycp56qjrgza3cc8ylrh8fecp0,sweep-funding-tx,high,Pays bc1qnk4zh9qcnap2mycp56qjrgza3cc8ylrh8fecp0 (the sole address that directly funded the named consolidation address bc1qq85v2c926eg6pgxhwp6q7lf6cnsz80qs3fcu9r within the target block range) and is itself confirmed inside that same block range.,"tools/onchain/trace_cluster.py (mempool.space API, live query)"
681f6d706e3c79dd8f6b06bf5a337529d54dbc344ad72d69d0298ce1ca6c13af,960190,000000000000000000005cd3ef8a8583807efa1cd1566a6608b16ca297fb0f8e,2026-07-30T01:43:00+00:00,1,48000000,1,47996700,3300,30.206,v0_p2wpkh,v0_p2wpkh,bc1qnk4zh9qcnap2mycp56qjrgza3cc8ylrh8fecp0,sweep-funding-tx,high,Pays bc1qnk4zh9qcnap2mycp56qjrgza3cc8ylrh8fecp0 (the sole address that directly funded the named consolidation address bc1qq85v2c926eg6pgxhwp6q7lf6cnsz80qs3fcu9r within the target block range) and is itself confirmed inside that same block range.,"tools/onchain/trace_cluster.py (mempool.space API, live query)"
69a772f11eca6e3a060538e1805ed5edb09055f8f1f81588deebbfa2f28cd188,960190,000000000000000000005cd3ef8a8583807efa1cd1566a6608b16ca297fb0f8e,2026-07-30T01:43:00+00:00,1,42209410,1,42206110,3300,30.137,v0_p2wpkh,v0_p2wpkh,bc1qnk4zh9qcnap2mycp56qjrgza3cc8ylrh8fecp0,sweep-funding-tx,high,Pays bc1qnk4zh9qcnap2mycp56qjrgza3cc8ylrh8fecp0 (the sole address that directly funded the named consolidation address bc1qq85v2c926eg6pgxhwp6q7lf6cnsz80qs3fcu9r within the target block range) and is itself confirmed inside that same block range.,"tools/onchain/trace_cluster.py (mempool.space API, live query)"
6df0da3b9e4a396a94c45efdff5cce4631bdc8e2c5eedb5bc010728184d75f2b,960190,000000000000000000005cd3ef8a8583807efa1cd1566a6608b16ca297fb0f8e,2026-07-30T01:43:00+00:00,1,50095354,1,50092054,3300,30.206,v0_p2wpkh,v0_p2wpkh,bc1qnk4zh9qcnap2mycp56qjrgza3cc8ylrh8fecp0,sweep-funding-tx,high,Pays bc1qnk4zh9qcnap2mycp56qjrgza3cc8ylrh8fecp0 (the sole address that directly funded the named consolidation address bc1qq85v2c926eg6pgxhwp6q7lf6cnsz80qs3fcu9r within the target block range) and is itself confirmed inside that same block range.,"tools/onchain/trace_cluster.py (mempool.space API, live query)"
7132e83bf591e3b9a6ab5cf5a1dc7020aaf85a395ae42317d5be15f9cc7cab89,960190,000000000000000000005cd3ef8a8583807efa1cd1566a6608b16ca297fb0f8e,2026-07-30T01:43:00+00:00,1,34994595,1,34991295,3300,30.206,v0_p2wpkh,v0_p2wpkh,bc1qnk4zh9qcnap2mycp56qjrgza3cc8ylrh8fecp0,sweep-funding-tx,high,Pays bc1qnk4zh9qcnap2mycp56qjrgza3cc8ylrh8fecp0 (the sole address that directly funded the named consolidation address bc1qq85v2c926eg6pgxhwp6q7lf6cnsz80qs3fcu9r within the target block range) and is itself confirmed inside that same block range.,"tools/onchain/trace_cluster.py (mempool.space API, live query)"
7468496c4d7814ed2899157a593522ac76c52d0f277eff8c5bd71664ee9f9081,960190,000000000000000000005cd3ef8a8583807efa1cd1566a6608b16ca297fb0f8e,2026-07-30T01:43:00+00:00,1,39739632,1,39736332,3300,30.206,v0_p2wpkh,v0_p2wpkh,bc1qnk4zh9qcnap2mycp56qjrgza3cc8ylrh8fecp0,sweep-funding-tx,high,Pays bc1qnk4zh9qcnap2mycp56qjrgza3cc8ylrh8fecp0 (the sole address that directly funded the named consolidation address bc1qq85v2c926eg6pgxhwp6q7lf6cnsz80qs3fcu9r within the target block range) and is itself confirmed inside that same block range.,"tools/onchain/trace_cluster.py (mempool.space API, live query)"
7483a6c403a3553f5d63d68b20540612cb61bc4e1b1428a615457b1920236608,960190,000000000000000000005cd3ef8a8583807efa1cd1566a6608b16ca297fb0f8e,2026-07-30T01:43:00+00:00,1,34556765,1,34553465,3300,30.206,v0_p2wpkh,v0_p2wpkh,bc1qnk4zh9qcnap2mycp56qjrgza3cc8ylrh8fecp0,sweep-funding-tx,high,Pays bc1qnk4zh9qcnap2mycp56qjrgza3cc8ylrh8fecp0 (the sole address that directly funded the named consolidation address bc1qq85v2c926eg6pgxhwp6q7lf6cnsz80qs3fcu9r within the target block range) and is itself confirmed inside that same block range.,"tools/onchain/trace_cluster.py (mempool.space API, live query)"
75fe27a57fdd35c80e37d0af1ff3dcafe807414d2d0a62ac17362e1700ee729d,960190,000000000000000000005cd3ef8a8583807efa1cd1566a6608b16ca297fb0f8e,2026-07-30T01:43:00+00:00,1,27999106,1,27995806,3300,30.206,v0_p2wpkh,v0_p2wpkh,bc1qnk4zh9qcnap2mycp56qjrgza3cc8ylrh8fecp0,sweep-funding-tx,high,Pays bc1qnk4zh9qcnap2mycp56qjrgza3cc8ylrh8fecp0 (the sole address that directly funded the named consolidation address bc1qq85v2c926eg6pgxhwp6q7lf6cnsz80qs3fcu9r within the target block range) and is itself confirmed inside that same block range.,"tools/onchain/trace_cluster.py (mempool.space API, live query)"
769ac940aa1b75a0b78dbe5f49b28c1c592a94a39c86ee87d79187cee78e7ac5,960190,000000000000000000005cd3ef8a8583807efa1cd1566a6608b16ca297fb0f8e,2026-07-30T01:43:00+00:00,1,48852072,1,48848772,3300,30.206,v0_p2wpkh,v0_p2wpkh,bc1qnk4zh9qcnap2mycp56qjrgza3cc8ylrh8fecp0,sweep-funding-tx,high,Pays bc1qnk4zh9qcnap2mycp56qjrgza3cc8ylrh8fecp0 (the sole address that directly funded the named consolidation address bc1qq85v2c926eg6pgxhwp6q7lf6cnsz80qs3fcu9r within the target block range) and is itself confirmed inside that same block range.,"tools/onchain/trace_cluster.py (mempool.space API, live query)"
787d609a29bb3a6168e427d2a51dcab7fcbb3b7731e7fd75884b989e3591234b,960190,000000000000000000005cd3ef8a8583807efa1cd1566a6608b16ca297fb0f8e,2026-07-30T01:43:00+00:00,1,58151831,1,58148531,3300,30.137,v0_p2wpkh,v0_p2wpkh,bc1qnk4zh9qcnap2mycp56qjrgza3cc8ylrh8fecp0,sweep-funding-tx,high,Pays bc1qnk4zh9qcnap2mycp56qjrgza3cc8ylrh8fecp0 (the sole address that directly funded the named consolidation address bc1qq85v2c926eg6pgxhwp6q7lf6cnsz80qs3fcu9r within the target block range) and is itself confirmed inside that same block range.,"tools/onchain/trace_cluster.py (mempool.space API, live query)"
78a550d38a6dd63b06041e391dd6afc0c4a64ba3a674da9db1503eef5383252a,960190,000000000000000000005cd3ef8a8583807efa1cd1566a6608b16ca297fb0f8e,2026-07-30T01:43:00+00:00,1,54481234,1,54477934,3300,30.206,v0_p2wpkh,v0_p2wpkh,bc1qnk4zh9qcnap2mycp56qjrgza3cc8ylrh8fecp0,sweep-funding-tx,high,Pays bc1qnk4zh9qcnap2mycp56qjrgza3cc8ylrh8fecp0 (the sole address that directly funded the named consolidation address bc1qq85v2c926eg6pgxhwp6q7lf6cnsz80qs3fcu9r within the target block range) and is itself confirmed inside that same block range.,"tools/onchain/trace_cluster.py (mempool.space API, live query)"
78c340e8deb6eb130652fec8dedb591dc42af544e14ca104183d94ea27bcaacd,960190,000000000000000000005cd3ef8a8583807efa1cd1566a6608b16ca297fb0f8e,2026-07-30T01:43:00+00:00,1,35399549,1,35396249,3300,30.206,v0_p2wpkh,v0_p2wpkh,bc1qnk4zh9qcnap2mycp56qjrgza3cc8ylrh8fecp0,sweep-funding-tx,high,Pays bc1qnk4zh9qcnap2mycp56qjrgza3cc8ylrh8fecp0 (the sole address that directly funded the named consolidation address bc1qq85v2c926eg6pgxhwp6q7lf6cnsz80qs3fcu9r within the target block range) and is itself confirmed inside that same block range.,"tools/onchain/trace_cluster.py (mempool.space API, live query)"
7e5adf79061e5830cbc3b29ae71743759260dea2db6b7d87927b25d09df92c9c,960190,000000000000000000005cd3ef8a8583807efa1cd1566a6608b16ca297fb0f8e,2026-07-30T01:43:00+00:00,1,25645090,1,25641790,3300,30.137,v0_p2wpkh,v0_p2wpkh,bc1qnk4zh9qcnap2mycp56qjrgza3cc8ylrh8fecp0,sweep-funding-tx,high,Pays bc1qnk4zh9qcnap2mycp56qjrgza3cc8ylrh8fecp0 (the sole address that directly funded the named consolidation address bc1qq85v2c926eg6pgxhwp6q7lf6cnsz80qs3fcu9r within the target block range) and is itself confirmed inside that same block range.,"tools/onchain/trace_cluster.py (mempool.space API, live query)"
7e900e641d638e53673ab1e28645c6b712c52903ab061c607e04a47caeeb0d52,960190,000000000000000000005cd3ef8a8583807efa1cd1566a6608b16ca297fb0f8e,2026-07-30T01:43:00+00:00,1,52920209,1,52916909,3300,30.206,v0_p2wpkh,v0_p2wpkh,bc1qnk4zh9qcnap2mycp56qjrgza3cc8ylrh8fecp0,sweep-funding-tx,high,Pays bc1qnk4zh9qcnap2mycp56qjrgza3cc8ylrh8fecp0 (the sole address that directly funded the named consolidation address bc1qq85v2c926eg6pgxhwp6q7lf6cnsz80qs3fcu9r within the target block range) and is itself confirmed inside that same block range.,"tools/onchain/trace_cluster.py (mempool.space API, live query)"
803b7bcf8969aed6970075a7866f352d8870bfda477979a4d9b8ecb4624d4761,960190,000000000000000000005cd3ef8a8583807efa1cd1566a6608b16ca297fb0f8e,2026-07-30T01:43:00+00:00,1,40817400,1,40814100,3300,30.137,v0_p2wpkh,v0_p2wpkh,bc1qnk4zh9qcnap2mycp56qjrgza3cc8ylrh8fecp0,sweep-funding-tx,high,Pays bc1qnk4zh9qcnap2mycp56qjrgza3cc8ylrh8fecp0 (the sole address that directly funded the named consolidation address bc1qq85v2c926eg6pgxhwp6q7lf6cnsz80qs3fcu9r within the target block range) and is itself confirmed inside that same block range.,"tools/onchain/trace_cluster.py (mempool.space API, live query)"
82f847c7a3afd143895c12ca195e71b3f26ee8a90759c402255f31c6d1ac96fc,960190,000000000000000000005cd3ef8a8583807efa1cd1566a6608b16ca297fb0f8e,2026-07-30T01:43:00+00:00,1,28497614,1,28494314,3300,30.137,v0_p2wpkh,v0_p2wpkh,bc1qnk4zh9qcnap2mycp56qjrgza3cc8ylrh8fecp0,sweep-funding-tx,high,Pays bc1qnk4zh9qcnap2mycp56qjrgza3cc8ylrh8fecp0 (the sole address that directly funded the named consolidation address bc1qq85v2c926eg6pgxhwp6q7lf6cnsz80qs3fcu9r within the target block range) and is itself confirmed inside that same block range.,"tools/onchain/trace_cluster.py (mempool.space API, live query)"
847e21650b648d4e02841cae74ee282cb6f0ceff5139bc809da7378489e1579a,960190,000000000000000000005cd3ef8a8583807efa1cd1566a6608b16ca297fb0f8e,2026-07-30T01:43:00+00:00,2,28058000,1,28052660,5340,30.127,v0_p2wpkh,v0_p2wpkh,bc1qnk4zh9qcnap2mycp56qjrgza3cc8ylrh8fecp0,sweep-funding-tx,high,Pays bc1qnk4zh9qcnap2mycp56qjrgza3cc8ylrh8fecp0 (the sole address that directly funded the named consolidation address bc1qq85v2c926eg6pgxhwp6q7lf6cnsz80qs3fcu9r within the target block range) and is itself confirmed inside that same block range.,"tools/onchain/trace_cluster.py (mempool.space API, live query)"
85e364639c3e30fc063517bfb7aa4be3b8adab120f5b81b25789c9f4b7a0b0f1,960190,000000000000000000005cd3ef8a8583807efa1cd1566a6608b16ca297fb0f8e,2026-07-30T01:43:00+00:00,1,41300000,1,41296700,3300,30.206,v0_p2wpkh,v0_p2wpkh,bc1qnk4zh9qcnap2mycp56qjrgza3cc8ylrh8fecp0,sweep-funding-tx,high,Pays bc1qnk4zh9qcnap2mycp56qjrgza3cc8ylrh8fecp0 (the sole address that directly funded the named consolidation address bc1qq85v2c926eg6pgxhwp6q7lf6cnsz80qs3fcu9r within the target block range) and is itself confirmed inside that same block range.,"tools/onchain/trace_cluster.py (mempool.space API, live query)"
87846f22c2b30bdfb75f41b81b3084b8f006a7f12aec0419fff013711087b0cc,960190,000000000000000000005cd3ef8a8583807efa1cd1566a6608b16ca297fb0f8e,2026-07-30T01:43:00+00:00,2,46726933,1,46721593,5340,30.169,v0_p2wpkh,v0_p2wpkh,bc1qnk4zh9qcnap2mycp56qjrgza3cc8ylrh8fecp0,sweep-funding-tx,high,Pays bc1qnk4zh9qcnap2mycp56qjrgza3cc8ylrh8fecp0 (the sole address that directly funded the named consolidation address bc1qq85v2c926eg6pgxhwp6q7lf6cnsz80qs3fcu9r within the target block range) and is itself confirmed inside that same block range.,"tools/onchain/trace_cluster.py (mempool.space API, live query)"
88733f13ec90dfa1a6373e354616f52528cebf7e8d7a3758bcf99f8607e3748b,960190,000000000000000000005cd3ef8a8583807efa1cd1566a6608b16ca297fb0f8e,2026-07-30T01:43:00+00:00,1,32203181,1,32199881,3300,30.137,v0_p2wpkh,v0_p2wpkh,bc1qnk4zh9qcnap2mycp56qjrgza3cc8ylrh8fecp0,sweep-funding-tx,high,Pays bc1qnk4zh9qcnap2mycp56qjrgza3cc8ylrh8fecp0 (the sole address that directly funded the named consolidation address bc1qq85v2c926eg6pgxhwp6q7lf6cnsz80qs3fcu9r within the target block range) and is itself confirmed inside that same block range.,"tools/onchain/trace_cluster.py (mempool.space API, live query)"
89378f31502b0f66d9b234cd3fa8c4e280f52b535579bdee9f921bc6af03193f,960190,000000000000000000005cd3ef8a8583807efa1cd1566a6608b16ca297fb0f8e,2026-07-30T01:43:00+00:00,14,30054692,1,30024872,29820,30.06,v0_p2wpkh,v0_p2wpkh,bc1qnk4zh9qcnap2mycp56qjrgza3cc8ylrh8fecp0,sweep-funding-tx,high,Pays bc1qnk4zh9qcnap2mycp56qjrgza3cc8ylrh8fecp0 (the sole address that directly funded the named consolidation address bc1qq85v2c926eg6pgxhwp6q7lf6cnsz80qs3fcu9r within the target block range) and is itself confirmed inside that same block range.,"tools/onchain/trace_cluster.py (mempool.space API, live query)"
8fe1aafad268c08e14bd0c3862c94fb49fb6c4d2c22b4736ca7fc1c2389fc8dd,960190,000000000000000000005cd3ef8a8583807efa1cd1566a6608b16ca297fb0f8e,2026-07-30T01:43:00+00:00,1,48000000,1,47996700,3300,30.206,v0_p2wpkh,v0_p2wpkh,bc1qnk4zh9qcnap2mycp56qjrgza3cc8ylrh8fecp0,sweep-funding-tx,high,Pays bc1qnk4zh9qcnap2mycp56qjrgza3cc8ylrh8fecp0 (the sole address that directly funded the named consolidation address bc1qq85v2c926eg6pgxhwp6q7lf6cnsz80qs3fcu9r within the target block range) and is itself confirmed inside that same block range.,"tools/onchain/trace_cluster.py (mempool.space API, live query)"
904a7e5ea51e4e797638ce95dc3a72faf4bc5c1308ec88819bd56bf11d3733d7,960190,000000000000000000005cd3ef8a8583807efa1cd1566a6608b16ca297fb0f8e,2026-07-30T01:43:00+00:00,1,29931115,1,29927815,3300,30.137,v0_p2wpkh,v0_p2wpkh,bc1qnk4zh9qcnap2mycp56qjrgza3cc8ylrh8fecp0,sweep-funding-tx,high,Pays bc1qnk4zh9qcnap2mycp56qjrgza3cc8ylrh8fecp0 (the sole address that directly funded the named consolidation address bc1qq85v2c926eg6pgxhwp6q7lf6cnsz80qs3fcu9r within the target block range) and is itself confirmed inside that same block range.,"tools/onchain/trace_cluster.py (mempool.space API, live query)"
907813d4cd587ba404b52d44877f372bb3fe93a463a2166b15bbbcdf6030c736,960190,000000000000000000005cd3ef8a8583807efa1cd1566a6608b16ca297fb0f8e,2026-07-30T01:43:00+00:00,1,40312800,1,40309500,3300,30.206,v0_p2wpkh,v0_p2wpkh,bc1qnk4zh9qcnap2mycp56qjrgza3cc8ylrh8fecp0,sweep-funding-tx,high,Pays bc1qnk4zh9qcnap2mycp56qjrgza3cc8ylrh8fecp0 (the sole address that directly funded the named consolidation address bc1qq85v2c926eg6pgxhwp6q7lf6cnsz80qs3fcu9r within the target block range) and is itself confirmed inside that same block range.,"tools/onchain/trace_cluster.py (mempool.space API, live query)"
90de756109429db947df4c8052daa1d3b464855874162deaf57250c648a96357,960190,000000000000000000005cd3ef8a8583807efa1cd1566a6608b16ca297fb0f8e,2026-07-30T01:43:00+00:00,1,31549828,1,31546528,3300,30.206,v0_p2wpkh,v0_p2wpkh,bc1qnk4zh9qcnap2mycp56qjrgza3cc8ylrh8fecp0,sweep-funding-tx,high,Pays bc1qnk4zh9qcnap2mycp56qjrgza3cc8ylrh8fecp0 (the sole address that directly funded the named consolidation address bc1qq85v2c926eg6pgxhwp6q7lf6cnsz80qs3fcu9r within the target block range) and is itself confirmed inside that same block range.,"tools/onchain/trace_cluster.py (mempool.space API, live query)"
9201ed768a55f0cba3994d0397d541711eb70f6918fb9df889413d2143c5fe07,960190,000000000000000000005cd3ef8a8583807efa1cd1566a6608b16ca297fb0f8e,2026-07-30T01:43:00+00:00,1,29600753,1,29597453,3300,30.206,v0_p2wpkh,v0_p2wpkh,bc1qnk4zh9qcnap2mycp56qjrgza3cc8ylrh8fecp0,sweep-funding-tx,high,Pays bc1qnk4zh9qcnap2mycp56qjrgza3cc8ylrh8fecp0 (the sole address that directly funded the named consolidation address bc1qq85v2c926eg6pgxhwp6q7lf6cnsz80qs3fcu9r within the target block range) and is itself confirmed inside that same block range.,"tools/onchain/trace_cluster.py (mempool.space API, live query)"
92a5f8fbf4fba1cd5e4f36d55b2fa3e4a0627b2328105fd5e0f808028041365b,960190,000000000000000000005cd3ef8a8583807efa1cd1566a6608b16ca297fb0f8e,2026-07-30T01:43:00+00:00,1,30599600,1,30596300,3300,30.137,v0_p2wpkh,v0_p2wpkh,bc1qnk4zh9qcnap2mycp56qjrgza3cc8ylrh8fecp0,sweep-funding-tx,high,Pays bc1qnk4zh9qcnap2mycp56qjrgza3cc8ylrh8fecp0 (the sole address that directly funded the named consolidation address bc1qq85v2c926eg6pgxhwp6q7lf6cnsz80qs3fcu9r within the target block range) and is itself confirmed inside that same block range.,"tools/onchain/trace_cluster.py (mempool.space API, live query)"
99504cc0389621d4eeb3670d9cd517f95f696c38a4cefc63cd584e53dc7e5bc0,960190,000000000000000000005cd3ef8a8583807efa1cd1566a6608b16ca297fb0f8e,2026-07-30T01:43:00+00:00,2,33327506,1,33322166,5340,30.169,v0_p2wpkh,v0_p2wpkh,bc1qnk4zh9qcnap2mycp56qjrgza3cc8ylrh8fecp0,sweep-funding-tx,high,Pays bc1qnk4zh9qcnap2mycp56qjrgza3cc8ylrh8fecp0 (the sole address that directly funded the named consolidation address bc1qq85v2c926eg6pgxhwp6q7lf6cnsz80qs3fcu9r within the target block range) and is itself confirmed inside that same block range.,"tools/onchain/trace_cluster.py (mempool.space API, live query)"
99aa291aa9ce4af646b519069aa2c0b63682f5565045a93fb1ef576683acdb69,960190,000000000000000000005cd3ef8a8583807efa1cd1566a6608b16ca297fb0f8e,2026-07-30T01:43:00+00:00,1,60244031,1,60240731,3300,30.206,v0_p2wpkh,v0_p2wpkh,bc1qnk4zh9qcnap2mycp56qjrgza3cc8ylrh8fecp0,sweep-funding-tx,high,Pays bc1qnk4zh9qcnap2mycp56qjrgza3cc8ylrh8fecp0 (the sole address that directly funded the named consolidation address bc1qq85v2c926eg6pgxhwp6q7lf6cnsz80qs3fcu9r within the target block range) and is itself confirmed inside that same block range.,"tools/onchain/trace_cluster.py (mempool.space API, live query)"
9c843f073682ee2eaaec61eee1b4bf01573ca03b0f840b531d1a57ef3ce02705,960190,000000000000000000005cd3ef8a8583807efa1cd1566a6608b16ca297fb0f8e,2026-07-30T01:43:00+00:00,1,50000000,1,49996700,3300,30.137,v0_p2wpkh,v0_p2wpkh,bc1qnk4zh9qcnap2mycp56qjrgza3cc8ylrh8fecp0,sweep-funding-tx,high,Pays bc1qnk4zh9qcnap2mycp56qjrgza3cc8ylrh8fecp0 (the sole address that directly funded the named consolidation address bc1qq85v2c926eg6pgxhwp6q7lf6cnsz80qs3fcu9r within the target block range) and is itself confirmed inside that same block range.,"tools/onchain/trace_cluster.py (mempool.space API, live query)"
a1b9d855864c9adf239d548d26cce5e680320e0fb552c08049b610cecaff6f2f,960190,000000000000000000005cd3ef8a8583807efa1cd1566a6608b16ca297fb0f8e,2026-07-30T01:43:00+00:00,1,29929412,1,29926112,3300,30.206,v0_p2wpkh,v0_p2wpkh,bc1qnk4zh9qcnap2mycp56qjrgza3cc8ylrh8fecp0,sweep-funding-tx,high,Pays bc1qnk4zh9qcnap2mycp56qjrgza3cc8ylrh8fecp0 (the sole address that directly funded the named consolidation address bc1qq85v2c926eg6pgxhwp6q7lf6cnsz80qs3fcu9r within the target block range) and is itself confirmed inside that same block range.,"tools/onchain/trace_cluster.py (mempool.space API, live query)"
a1be8979f66d8258bceed0ffbcc1b686dfda87de9d5c65651ac37589b70b2b5d,960190,000000000000000000005cd3ef8a8583807efa1cd1566a6608b16ca297fb0f8e,2026-07-30T01:43:00+00:00,23,30455652,1,30407472,48180,30.075,v0_p2wpkh,v0_p2wpkh,bc1qnk4zh9qcnap2mycp56qjrgza3cc8ylrh8fecp0,sweep-funding-tx,high,Pays bc1qnk4zh9qcnap2mycp56qjrgza3cc8ylrh8fecp0 (the sole address that directly funded the named consolidation address bc1qq85v2c926eg6pgxhwp6q7lf6cnsz80qs3fcu9r within the target block range) and is itself confirmed inside that same block range.,"tools/onchain/trace_cluster.py (mempool.space API, live query)"
a1ff611b65888845888cfec480b91328ade30d739b5c43194a1bf4984d3f873e,960190,000000000000000000005cd3ef8a8583807efa1cd1566a6608b16ca297fb0f8e,2026-07-30T01:43:00+00:00,1,55394849,1,55391549,3300,30.137,v0_p2wpkh,v0_p2wpkh,bc1qnk4zh9qcnap2mycp56qjrgza3cc8ylrh8fecp0,sweep-funding-tx,high,Pays bc1qnk4zh9qcnap2mycp56qjrgza3cc8ylrh8fecp0 (the sole address that directly funded the named consolidation address bc1qq85v2c926eg6pgxhwp6q7lf6cnsz80qs3fcu9r within the target block range) and is itself confirmed inside that same block range.,"tools/onchain/trace_cluster.py (mempool.space API, live query)"
a2d600c974de82efe8903b8efd7db722380ddc10d24d4561d4ecb5f339095b2e,960190,000000000000000000005cd3ef8a8583807efa1cd1566a6608b16ca297fb0f8e,2026-07-30T01:43:00+00:00,1,40445334,1,40442034,3300,30.206,v0_p2wpkh,v0_p2wpkh,bc1qnk4zh9qcnap2mycp56qjrgza3cc8ylrh8fecp0,sweep-funding-tx,high,Pays bc1qnk4zh9qcnap2mycp56qjrgza3cc8ylrh8fecp0 (the sole address that directly funded the named consolidation address bc1qq85v2c926eg6pgxhwp6q7lf6cnsz80qs3fcu9r within the target block range) and is itself confirmed inside that same block range.,"tools/onchain/trace_cluster.py (mempool.space API, live query)"
a3868704d0cd3ba9e152a8d40b95634f8f44d08c105965db30e24b2f23713815,960190,000000000000000000005cd3ef8a8583807efa1cd1566a6608b16ca297fb0f8e,2026-07-30T01:43:00+00:00,1,29622281,1,29618981,3300,30.137,v0_p2wpkh,v0_p2wpkh,bc1qnk4zh9qcnap2mycp56qjrgza3cc8ylrh8fecp0,sweep-funding-tx,high,Pays bc1qnk4zh9qcnap2mycp56qjrgza3cc8ylrh8fecp0 (the sole address that directly funded the named consolidation address bc1qq85v2c926eg6pgxhwp6q7lf6cnsz80qs3fcu9r within the target block range) and is itself confirmed inside that same block range.,"tools/onchain/trace_cluster.py (mempool.space API, live query)"
a4ad2f0a463d57adb14a1cb6a10b8a3bcb6e12c16e638949744369405ecdf1b7,960190,000000000000000000005cd3ef8a8583807efa1cd1566a6608b16ca297fb0f8e,2026-07-30T01:43:00+00:00,1,42437011,1,42433711,3300,30.206,v0_p2wpkh,v0_p2wpkh,bc1qnk4zh9qcnap2mycp56qjrgza3cc8ylrh8fecp0,sweep-funding-tx,high,Pays bc1qnk4zh9qcnap2mycp56qjrgza3cc8ylrh8fecp0 (the sole address that directly funded the named consolidation address bc1qq85v2c926eg6pgxhwp6q7lf6cnsz80qs3fcu9r within the target block range) and is itself confirmed inside that same block range.,"tools/onchain/trace_cluster.py (mempool.space API, live query)"
a546b8fbc654326f43909efdaf04e0499a8ea0730f48faabf84ab624e5857ddf,960190,000000000000000000005cd3ef8a8583807efa1cd1566a6608b16ca297fb0f8e,2026-07-30T01:43:00+00:00,1,48000000,1,47996700,3300,30.206,v0_p2wpkh,v0_p2wpkh,bc1qnk4zh9qcnap2mycp56qjrgza3cc8ylrh8fecp0,sweep-funding-tx,high,Pays bc1qnk4zh9qcnap2mycp56qjrgza3cc8ylrh8fecp0 (the sole address that directly funded the named consolidation address bc1qq85v2c926eg6pgxhwp6q7lf6cnsz80qs3fcu9r within the target block range) and is itself confirmed inside that same block range.,"tools/onchain/trace_cluster.py (mempool.space API, live query)"
a55d315f80764b6962f6da8b3d6b2aef796c368aebe5e737f72c438b2ec4adbe,960190,000000000000000000005cd3ef8a8583807efa1cd1566a6608b16ca297fb0f8e,2026-07-30T01:43:00+00:00,1,29998000,1,29994700,3300,30.137,v0_p2wpkh,v0_p2wpkh,bc1qnk4zh9qcnap2mycp56qjrgza3cc8ylrh8fecp0,sweep-funding-tx,high,Pays bc1qnk4zh9qcnap2mycp56qjrgza3cc8ylrh8fecp0 (the sole address that directly funded the named consolidation address bc1qq85v2c926eg6pgxhwp6q7lf6cnsz80qs3fcu9r within the target block range) and is itself confirmed inside that same block range.,"tools/onchain/trace_cluster.py (mempool.space API, live query)"
a66084467ac59b9cfc136080f6db132eabdb56bc695780bd31e2fd22512359ca,960190,000000000000000000005cd3ef8a8583807efa1cd1566a6608b16ca297fb0f8e,2026-07-30T01:43:00+00:00,1,37975955,1,37972655,3300,30.137,v0_p2wpkh,v0_p2wpkh,bc1qnk4zh9qcnap2mycp56qjrgza3cc8ylrh8fecp0,sweep-funding-tx,high,Pays bc1qnk4zh9qcnap2mycp56qjrgza3cc8ylrh8fecp0 (the sole address that directly funded the named consolidation address bc1qq85v2c926eg6pgxhwp6q7lf6cnsz80qs3fcu9r within the target block range) and is itself confirmed inside that same block range.,"tools/onchain/trace_cluster.py (mempool.space API, live query)"
a67c0f1fa2e63d00423d102d6705c04e5a214001b59d023076b15cff9fd3a9dd,960190,000000000000000000005cd3ef8a8583807efa1cd1566a6608b16ca297fb0f8e,2026-07-30T01:43:00+00:00,11,43646410,1,43622710,23700,30.057,v0_p2wpkh,v0_p2wpkh,bc1qnk4zh9qcnap2mycp56qjrgza3cc8ylrh8fecp0,sweep-funding-tx,high,Pays bc1qnk4zh9qcnap2mycp56qjrgza3cc8ylrh8fecp0 (the sole address that directly funded the named consolidation address bc1qq85v2c926eg6pgxhwp6q7lf6cnsz80qs3fcu9r within the target block range) and is itself confirmed inside that same block range.,"tools/onchain/trace_cluster.py (mempool.space API, live query)"
a9498bbae73a03774dee30f1602b353d3d5709775a87ea3c202bd1a6b222a8b1,960190,000000000000000000005cd3ef8a8583807efa1cd1566a6608b16ca297fb0f8e,2026-07-30T01:43:00+00:00,1,27380652,1,27377352,3300,30.137,v0_p2wpkh,v0_p2wpkh,bc1qnk4zh9qcnap2mycp56qjrgza3cc8ylrh8fecp0,sweep-funding-tx,high,Pays bc1qnk4zh9qcnap2mycp56qjrgza3cc8ylrh8fecp0 (the sole address that directly funded the named consolidation address bc1qq85v2c926eg6pgxhwp6q7lf6cnsz80qs3fcu9r within the target block range) and is itself confirmed inside that same block range.,"tools/onchain/trace_cluster.py (mempool.space API, live query)"
aa449bc4fe86a9c99328672bcaa48af18166cddfe5f52567c47be776a15dd5f3,960190,000000000000000000005cd3ef8a8583807efa1cd1566a6608b16ca297fb0f8e,2026-07-30T01:43:00+00:00,13,30575099,1,30547319,27780,30.065,v0_p2wpkh,v0_p2wpkh,bc1qnk4zh9qcnap2mycp56qjrgza3cc8ylrh8fecp0,sweep-funding-tx,high,Pays bc1qnk4zh9qcnap2mycp56qjrgza3cc8ylrh8fecp0 (the sole address that directly funded the named consolidation address bc1qq85v2c926eg6pgxhwp6q7lf6cnsz80qs3fcu9r within the target block range) and is itself confirmed inside that same block range.,"tools/onchain/trace_cluster.py (mempool.space API, live query)"
aa860b754a21ef8d17f720ef76e0ac523b001f23a4ba19ff3d7ca5a0aa5c1902,960190,000000000000000000005cd3ef8a8583807efa1cd1566a6608b16ca297fb0f8e,2026-07-30T01:43:00+00:00,1,25857536,1,25854236,3300,30.206,v0_p2wpkh,v0_p2wpkh,bc1qnk4zh9qcnap2mycp56qjrgza3cc8ylrh8fecp0,sweep-funding-tx,high,Pays bc1qnk4zh9qcnap2mycp56qjrgza3cc8ylrh8fecp0 (the sole address that directly funded the named consolidation address bc1qq85v2c926eg6pgxhwp6q7lf6cnsz80qs3fcu9r within the target block range) and is itself confirmed inside that same block range.,"tools/onchain/trace_cluster.py (mempool.space API, live query)"
ab33c03444e77ebbfc264a36030208354035b98aa55d192c1466b33d2bf3bfaa,960190,000000000000000000005cd3ef8a8583807efa1cd1566a6608b16ca297fb0f8e,2026-07-30T01:43:00+00:00,1,38668801,1,38665501,3300,30.206,v0_p2wpkh,v0_p2wpkh,bc1qnk4zh9qcnap2mycp56qjrgza3cc8ylrh8fecp0,sweep-funding-tx,high,Pays bc1qnk4zh9qcnap2mycp56qjrgza3cc8ylrh8fecp0 (the sole address that directly funded the named consolidation address bc1qq85v2c926eg6pgxhwp6q7lf6cnsz80qs3fcu9r within the target block range) and is itself confirmed inside that same block range.,"tools/onchain/trace_cluster.py (mempool.space API, live query)"
abf8be6ef1829872d258950e958c17de4182a823794ffe02281205e348db55f0,960190,000000000000000000005cd3ef8a8583807efa1cd1566a6608b16ca297fb0f8e,2026-07-30T01:43:00+00:00,7,30440317,1,30424777,15540,30.073,v0_p2wpkh,v0_p2wpkh,bc1qnk4zh9qcnap2mycp56qjrgza3cc8ylrh8fecp0,sweep-funding-tx,high,Pays bc1qnk4zh9qcnap2mycp56qjrgza3cc8ylrh8fecp0 (the sole address that directly funded the named consolidation address bc1qq85v2c926eg6pgxhwp6q7lf6cnsz80qs3fcu9r within the target block range) and is itself confirmed inside that same block range.,"tools/onchain/trace_cluster.py (mempool.space API, live query)"
b1ec45f05aefaf83de5b78e221bb8824b3ec6b265325d6a97fbbe62bb581ff7e,960190,000000000000000000005cd3ef8a8583807efa1cd1566a6608b16ca297fb0f8e,2026-07-30T01:43:00+00:00,1,35669568,1,35666268,3300,30.206,v0_p2wpkh,v0_p2wpkh,bc1qnk4zh9qcnap2mycp56qjrgza3cc8ylrh8fecp0,sweep-funding-tx,high,Pays bc1qnk4zh9qcnap2mycp56qjrgza3cc8ylrh8fecp0 (the sole address that directly funded the named consolidation address bc1qq85v2c926eg6pgxhwp6q7lf6cnsz80qs3fcu9r within the target block range) and is itself confirmed inside that same block range.,"tools/onchain/trace_cluster.py (mempool.space API, live query)"
b23820d5ad43ee00b892f5f903594506bc64128ce844074724abca70ade1a605,960190,000000000000000000005cd3ef8a8583807efa1cd1566a6608b16ca297fb0f8e,2026-07-30T01:43:00+00:00,2,39182000,1,39176660,5340,30.127,v0_p2wpkh,v0_p2wpkh,bc1qnk4zh9qcnap2mycp56qjrgza3cc8ylrh8fecp0,sweep-funding-tx,high,Pays bc1qnk4zh9qcnap2mycp56qjrgza3cc8ylrh8fecp0 (the sole address that directly funded the named consolidation address bc1qq85v2c926eg6pgxhwp6q7lf6cnsz80qs3fcu9r within the target block range) and is itself confirmed inside that same block range.,"tools/onchain/trace_cluster.py (mempool.space API, live query)"
b7b016c18aa911afd6e628ac0b966ba60d9572c278185d14c375362935a38985,960190,000000000000000000005cd3ef8a8583807efa1cd1566a6608b16ca297fb0f8e,2026-07-30T01:43:00+00:00,1,56582796,1,56579496,3300,30.206,v0_p2wpkh,v0_p2wpkh,bc1qnk4zh9qcnap2mycp56qjrgza3cc8ylrh8fecp0,sweep-funding-tx,high,Pays bc1qnk4zh9qcnap2mycp56qjrgza3cc8ylrh8fecp0 (the sole address that directly funded the named consolidation address bc1qq85v2c926eg6pgxhwp6q7lf6cnsz80qs3fcu9r within the target block range) and is itself confirmed inside that same block range.,"tools/onchain/trace_cluster.py (mempool.space API, live query)"
b825a0873efd68770546345d9aca2dc9119e38aab547aa3bdc357b159c3ce439,960190,000000000000000000005cd3ef8a8583807efa1cd1566a6608b16ca297fb0f8e,2026-07-30T01:43:00+00:00,1,31401470,1,31398170,3300,30.206,v0_p2wpkh,v0_p2wpkh,bc1qnk4zh9qcnap2mycp56qjrgza3cc8ylrh8fecp0,sweep-funding-tx,high,Pays bc1qnk4zh9qcnap2mycp56qjrgza3cc8ylrh8fecp0 (the sole address that directly funded the named consolidation address bc1qq85v2c926eg6pgxhwp6q7lf6cnsz80qs3fcu9r within the target block range) and is itself confirmed inside that same block range.,"tools/onchain/trace_cluster.py (mempool.space API, live query)"
b9e60ef3024746f02ef8fba84f6eadfcd20af77eaef5515e4865c131e1f80028,960190,000000000000000000005cd3ef8a8583807efa1cd1566a6608b16ca297fb0f8e,2026-07-30T01:43:00+00:00,1,35028881,1,35025581,3300,30.206,v0_p2wpkh,v0_p2wpkh,bc1qnk4zh9qcnap2mycp56qjrgza3cc8ylrh8fecp0,sweep-funding-tx,high,Pays bc1qnk4zh9qcnap2mycp56qjrgza3cc8ylrh8fecp0 (the sole address that directly funded the named consolidation address bc1qq85v2c926eg6pgxhwp6q7lf6cnsz80qs3fcu9r within the target block range) and is itself confirmed inside that same block range.,"tools/onchain/trace_cluster.py (mempool.space API, live query)"
bacfd05cb80b3e65810125fc1bf12b938dc1ba87004711663eb4613c3c944f1a,960190,000000000000000000005cd3ef8a8583807efa1cd1566a6608b16ca297fb0f8e,2026-07-30T01:43:00+00:00,1,50000000,1,49996700,3300,30.137,v0_p2wpkh,v0_p2wpkh,bc1qnk4zh9qcnap2mycp56qjrgza3cc8ylrh8fecp0,sweep-funding-tx,high,Pays bc1qnk4zh9qcnap2mycp56qjrgza3cc8ylrh8fecp0 (the sole address that directly funded the named consolidation address bc1qq85v2c926eg6pgxhwp6q7lf6cnsz80qs3fcu9r within the target block range) and is itself confirmed inside that same block range.,"tools/onchain/trace_cluster.py (mempool.space API, live query)"
bb8d4d1368528fd026bbcc15b6b26fef1fbcf34eaad8da8cb153bf19efe63889,960190,000000000000000000005cd3ef8a8583807efa1cd1566a6608b16ca297fb0f8e,2026-07-30T01:43:00+00:00,1,60254839,1,60251539,3300,30.206,v0_p2wpkh,v0_p2wpkh,bc1qnk4zh9qcnap2mycp56qjrgza3cc8ylrh8fecp0,sweep-funding-tx,high,Pays bc1qnk4zh9qcnap2mycp56qjrgza3cc8ylrh8fecp0 (the sole address that directly funded the named consolidation address bc1qq85v2c926eg6pgxhwp6q7lf6cnsz80qs3fcu9r within the target block range) and is itself confirmed inside that same block range.,"tools/onchain/trace_cluster.py (mempool.space API, live query)"
bf75203b4d035b7d71134a94be9076c6d04c4e11d8ccff61905427972808e7f2,960190,000000000000000000005cd3ef8a8583807efa1cd1566a6608b16ca297fb0f8e,2026-07-30T01:43:00+00:00,1,27975900,1,27972600,3300,30.206,v0_p2wpkh,v0_p2wpkh,bc1qnk4zh9qcnap2mycp56qjrgza3cc8ylrh8fecp0,sweep-funding-tx,high,Pays bc1qnk4zh9qcnap2mycp56qjrgza3cc8ylrh8fecp0 (the sole address that directly funded the named consolidation address bc1qq85v2c926eg6pgxhwp6q7lf6cnsz80qs3fcu9r within the target block range) and is itself confirmed inside that same block range.,"tools/onchain/trace_cluster.py (mempool.space API, live query)"
bfd9584126ef56c9afe1803a21afdd0f268538aa65be2b22b04078b2c71dd6f8,960190,000000000000000000005cd3ef8a8583807efa1cd1566a6608b16ca297fb0f8e,2026-07-30T01:43:00+00:00,1,49144472,1,49141172,3300,30.206,v0_p2wpkh,v0_p2wpkh,bc1qnk4zh9qcnap2mycp56qjrgza3cc8ylrh8fecp0,sweep-funding-tx,high,Pays bc1qnk4zh9qcnap2mycp56qjrgza3cc8ylrh8fecp0 (the sole address that directly funded the named consolidation address bc1qq85v2c926eg6pgxhwp6q7lf6cnsz80qs3fcu9r within the target block range) and is itself confirmed inside that same block range.,"tools/onchain/trace_cluster.py (mempool.space API, live query)"
c08e0d982dc50eb9e738b1d2abd894a72f98299f3e7e31e65c9c7eaf2932126d,960190,000000000000000000005cd3ef8a8583807efa1cd1566a6608b16ca297fb0f8e,2026-07-30T01:43:00+00:00,1,41099710,1,41096410,3300,30.206,v0_p2wpkh,v0_p2wpkh,bc1qnk4zh9qcnap2mycp56qjrgza3cc8ylrh8fecp0,sweep-funding-tx,high,Pays bc1qnk4zh9qcnap2mycp56qjrgza3cc8ylrh8fecp0 (the sole address that directly funded the named consolidation address bc1qq85v2c926eg6pgxhwp6q7lf6cnsz80qs3fcu9r within the target block range) and is itself confirmed inside that same block range.,"tools/onchain/trace_cluster.py (mempool.space API, live query)"
c1f35bb686851504eb8bc89789f00b5bc0d086f5de0911bd9429728e776416ca,960190,000000000000000000005cd3ef8a8583807efa1cd1566a6608b16ca297fb0f8e,2026-07-30T01:43:00+00:00,1,45723622,1,45720322,3300,30.206,v0_p2wpkh,v0_p2wpkh,bc1qnk4zh9qcnap2mycp56qjrgza3cc8ylrh8fecp0,sweep-funding-tx,high,Pays bc1qnk4zh9qcnap2mycp56qjrgza3cc8ylrh8fecp0 (the sole address that directly funded the named consolidation address bc1qq85v2c926eg6pgxhwp6q7lf6cnsz80qs3fcu9r within the target block range) and is itself confirmed inside that same block range.,"tools/onchain/trace_cluster.py (mempool.space API, live query)"
c4c91ae2bb76c39503962c1898745e91358157df4e989318bd7d877ecc53006b,960190,000000000000000000005cd3ef8a8583807efa1cd1566a6608b16ca297fb0f8e,2026-07-30T01:43:00+00:00,1,29300000,1,29296700,3300,30.137,v0_p2wpkh,v0_p2wpkh,bc1qnk4zh9qcnap2mycp56qjrgza3cc8ylrh8fecp0,sweep-funding-tx,high,Pays bc1qnk4zh9qcnap2mycp56qjrgza3cc8ylrh8fecp0 (the sole address that directly funded the named consolidation address bc1qq85v2c926eg6pgxhwp6q7lf6cnsz80qs3fcu9r within the target block range) and is itself confirmed inside that same block range.,"tools/onchain/trace_cluster.py (mempool.space API, live query)"
c660a6b1619b68a61fdf6f8f355b2309373b28af69d184a81f1215ba6d21a6cb,960190,000000000000000000005cd3ef8a8583807efa1cd1566a6608b16ca297fb0f8e,2026-07-30T01:43:00+00:00,1,50000000,1,49996700,3300,30.206,v0_p2wpkh,v0_p2wpkh,bc1qnk4zh9qcnap2mycp56qjrgza3cc8ylrh8fecp0,sweep-funding-tx,high,Pays bc1qnk4zh9qcnap2mycp56qjrgza3cc8ylrh8fecp0 (the sole address that directly funded the named consolidation address bc1qq85v2c926eg6pgxhwp6q7lf6cnsz80qs3fcu9r within the target block range) and is itself confirmed inside that same block range.,"tools/onchain/trace_cluster.py (mempool.space API, live query)"
c6adc9b25ac6e6238b9f307f39102c1b96ade0bb64259beb5dfd949773e8d1de,960190,000000000000000000005cd3ef8a8583807efa1cd1566a6608b16ca297fb0f8e,2026-07-30T01:43:00+00:00,1,38627377,1,38624077,3300,30.206,v0_p2wpkh,v0_p2wpkh,bc1qnk4zh9qcnap2mycp56qjrgza3cc8ylrh8fecp0,sweep-funding-tx,high,Pays bc1qnk4zh9qcnap2mycp56qjrgza3cc8ylrh8fecp0 (the sole address that directly funded the named consolidation address bc1qq85v2c926eg6pgxhwp6q7lf6cnsz80qs3fcu9r within the target block range) and is itself confirmed inside that same block range.,"tools/onchain/trace_cluster.py (mempool.space API, live query)"
c6d0dd06f713a4d762d60899dd533ee76732580857a0154cf38fcc46921944d0,960190,000000000000000000005cd3ef8a8583807efa1cd1566a6608b16ca297fb0f8e,2026-07-30T01:43:00+00:00,1,51979169,1,51975869,3300,30.137,v0_p2wpkh,v0_p2wpkh,bc1qnk4zh9qcnap2mycp56qjrgza3cc8ylrh8fecp0,sweep-funding-tx,high,Pays bc1qnk4zh9qcnap2mycp56qjrgza3cc8ylrh8fecp0 (the sole address that directly funded the named consolidation address bc1qq85v2c926eg6pgxhwp6q7lf6cnsz80qs3fcu9r within the target block range) and is itself confirmed inside that same block range.,"tools/onchain/trace_cluster.py (mempool.space API, live query)"
c89bea443ef3bf17d1b7f676606d93c8dce79783aa05280e33d2ea515b28e28a,960190,000000000000000000005cd3ef8a8583807efa1cd1566a6608b16ca297fb0f8e,2026-07-30T01:43:00+00:00,1,50000000,1,49996700,3300,30.206,v0_p2wpkh,v0_p2wpkh,bc1qnk4zh9qcnap2mycp56qjrgza3cc8ylrh8fecp0,sweep-funding-tx,high,Pays bc1qnk4zh9qcnap2mycp56qjrgza3cc8ylrh8fecp0 (the sole address that directly funded the named consolidation address bc1qq85v2c926eg6pgxhwp6q7lf6cnsz80qs3fcu9r within the target block range) and is itself confirmed inside that same block range.,"tools/onchain/trace_cluster.py (mempool.space API, live query)"
cd1623efdc38f1dda1d725d509128e3b686193aca81561f4defeb6763ea6aaa7,960190,000000000000000000005cd3ef8a8583807efa1cd1566a6608b16ca297fb0f8e,2026-07-30T01:43:00+00:00,1,49000693,1,48997393,3300,30.206,v0_p2wpkh,v0_p2wpkh,bc1qnk4zh9qcnap2mycp56qjrgza3cc8ylrh8fecp0,sweep-funding-tx,high,Pays bc1qnk4zh9qcnap2mycp56qjrgza3cc8ylrh8fecp0 (the sole address that directly funded the named consolidation address bc1qq85v2c926eg6pgxhwp6q7lf6cnsz80qs3fcu9r within the target block range) and is itself confirmed inside that same block range.,"tools/onchain/trace_cluster.py (mempool.space API, live query)"
cdd0b02bb528f8d03522369a88a5b561442d6cf6a543a85c1680ca2ce4d3f698,960190,000000000000000000005cd3ef8a8583807efa1cd1566a6608b16ca297fb0f8e,2026-07-30T01:43:00+00:00,1,40932154,1,40928854,3300,30.137,v0_p2wpkh,v0_p2wpkh,bc1qnk4zh9qcnap2mycp56qjrgza3cc8ylrh8fecp0,sweep-funding-tx,high,Pays bc1qnk4zh9qcnap2mycp56qjrgza3cc8ylrh8fecp0 (the sole address that directly funded the named consolidation address bc1qq85v2c926eg6pgxhwp6q7lf6cnsz80qs3fcu9r within the target block range) and is itself confirmed inside that same block range.,"tools/onchain/trace_cluster.py (mempool.space API, live query)"
cdeef9ed61e7f24bc5955db3f98fa9850ff531574a6c506031f4d18f72fee6c7,960190,000000000000000000005cd3ef8a8583807efa1cd1566a6608b16ca297fb0f8e,2026-07-30T01:43:00+00:00,1,41266427,1,41263127,3300,30.206,v0_p2wpkh,v0_p2wpkh,bc1qnk4zh9qcnap2mycp56qjrgza3cc8ylrh8fecp0,sweep-funding-tx,high,Pays bc1qnk4zh9qcnap2mycp56qjrgza3cc8ylrh8fecp0 (the sole address that directly funded the named consolidation address bc1qq85v2c926eg6pgxhwp6q7lf6cnsz80qs3fcu9r within the target block range) and is itself confirmed inside that same block range.,"tools/onchain/trace_cluster.py (mempool.space API, live query)"
d3bdb9093e2ca91c9515895f877b2ad7f617f27eefe4aecafdd5e717b1d61292,960190,000000000000000000005cd3ef8a8583807efa1cd1566a6608b16ca297fb0f8e,2026-07-30T01:43:00+00:00,1,26997347,1,26994047,3300,30.137,v0_p2wpkh,v0_p2wpkh,bc1qnk4zh9qcnap2mycp56qjrgza3cc8ylrh8fecp0,sweep-funding-tx,high,Pays bc1qnk4zh9qcnap2mycp56qjrgza3cc8ylrh8fecp0 (the sole address that directly funded the named consolidation address bc1qq85v2c926eg6pgxhwp6q7lf6cnsz80qs3fcu9r within the target block range) and is itself confirmed inside that same block range.,"tools/onchain/trace_cluster.py (mempool.space API, live query)"
d44225aeb87a7bc1099082e0c983a9ddbf5f01448dd8997ae3e2538398bcf44b,960190,000000000000000000005cd3ef8a8583807efa1cd1566a6608b16ca297fb0f8e,2026-07-30T01:43:00+00:00,1,27937000,1,27933700,3300,30.137,v0_p2wpkh,v0_p2wpkh,bc1qnk4zh9qcnap2mycp56qjrgza3cc8ylrh8fecp0,sweep-funding-tx,high,Pays bc1qnk4zh9qcnap2mycp56qjrgza3cc8ylrh8fecp0 (the sole address that directly funded the named consolidation address bc1qq85v2c926eg6pgxhwp6q7lf6cnsz80qs3fcu9r within the target block range) and is itself confirmed inside that same block range.,"tools/onchain/trace_cluster.py (mempool.space API, live query)"
d5be046bf5ad94dcc3a2bac6ad797f8da2e700925e28e4ad6c0b778e1a01034d,960190,000000000000000000005cd3ef8a8583807efa1cd1566a6608b16ca297fb0f8e,2026-07-30T01:43:00+00:00,1,48811441,1,48808141,3300,30.206,v0_p2wpkh,v0_p2wpkh,bc1qnk4zh9qcnap2mycp56qjrgza3cc8ylrh8fecp0,sweep-funding-tx,high,Pays bc1qnk4zh9qcnap2mycp56qjrgza3cc8ylrh8fecp0 (the sole address that directly funded the named consolidation address bc1qq85v2c926eg6pgxhwp6q7lf6cnsz80qs3fcu9r within the target block range) and is itself confirmed inside that same block range.,"tools/onchain/trace_cluster.py (mempool.space API, live query)"
d7d35d089c15b8d3e1a73bc13e65df37cf1d3071b779978dda412df14bd6bfbe,960190,000000000000000000005cd3ef8a8583807efa1cd1566a6608b16ca297fb0f8e,2026-07-30T01:43:00+00:00,1,44816019,1,44812719,3300,30.206,v0_p2wpkh,v0_p2wpkh,bc1qnk4zh9qcnap2mycp56qjrgza3cc8ylrh8fecp0,sweep-funding-tx,high,Pays bc1qnk4zh9qcnap2mycp56qjrgza3cc8ylrh8fecp0 (the sole address that directly funded the named consolidation address bc1qq85v2c926eg6pgxhwp6q7lf6cnsz80qs3fcu9r within the target block range) and is itself confirmed inside that same block range.,"tools/onchain/trace_cluster.py (mempool.space API, live query)"
d8a21610e42dc9db25dc0abfffdb48068ad2d7ae270b6dc861254380e40135bc,960190,000000000000000000005cd3ef8a8583807efa1cd1566a6608b16ca297fb0f8e,2026-07-30T01:43:00+00:00,1,56592775,1,56589475,3300,30.206,v0_p2wpkh,v0_p2wpkh,bc1qnk4zh9qcnap2mycp56qjrgza3cc8ylrh8fecp0,sweep-funding-tx,high,Pays bc1qnk4zh9qcnap2mycp56qjrgza3cc8ylrh8fecp0 (the sole address that directly funded the named consolidation address bc1qq85v2c926eg6pgxhwp6q7lf6cnsz80qs3fcu9r within the target block range) and is itself confirmed inside that same block range.,"tools/onchain/trace_cluster.py (mempool.space API, live query)"
d8bac5aeccbc55be2d06da642aaf529e88bbbbce4133e876de62cc82e7259591,960190,000000000000000000005cd3ef8a8583807efa1cd1566a6608b16ca297fb0f8e,2026-07-30T01:43:00+00:00,2,43876622,1,43871282,5340,30.127,v0_p2wpkh,v0_p2wpkh,bc1qnk4zh9qcnap2mycp56qjrgza3cc8ylrh8fecp0,sweep-funding-tx,high,Pays bc1qnk4zh9qcnap2mycp56qjrgza3cc8ylrh8fecp0 (the sole address that directly funded the named consolidation address bc1qq85v2c926eg6pgxhwp6q7lf6cnsz80qs3fcu9r within the target block range) and is itself confirmed inside that same block range.,"tools/onchain/trace_cluster.py (mempool.space API, live query)"
d9e77a8377a1f1c0610a342b85dbf5915f8727b56d95e63b48b7df21d466d2e6,960190,000000000000000000005cd3ef8a8583807efa1cd1566a6608b16ca297fb0f8e,2026-07-30T01:43:00+00:00,1,45066347,1,45063047,3300,30.137,v0_p2wpkh,v0_p2wpkh,bc1qnk4zh9qcnap2mycp56qjrgza3cc8ylrh8fecp0,sweep-funding-tx,high,Pays bc1qnk4zh9qcnap2mycp56qjrgza3cc8ylrh8fecp0 (the sole address that directly funded the named consolidation address bc1qq85v2c926eg6pgxhwp6q7lf6cnsz80qs3fcu9r within the target block range) and is itself confirmed inside that same block range.,"tools/onchain/trace_cluster.py (mempool.space API, live query)"
dd2ce6563e0014ca3d518a9657df1c3a4bad9c067318f3285c43054ebc5f36a0,960190,000000000000000000005cd3ef8a8583807efa1cd1566a6608b16ca297fb0f8e,2026-07-30T01:43:00+00:00,1,39476997,1,39473697,3300,30.206,v0_p2wpkh,v0_p2wpkh,bc1qnk4zh9qcnap2mycp56qjrgza3cc8ylrh8fecp0,sweep-funding-tx,high,Pays bc1qnk4zh9qcnap2mycp56qjrgza3cc8ylrh8fecp0 (the sole address that directly funded the named consolidation address bc1qq85v2c926eg6pgxhwp6q7lf6cnsz80qs3fcu9r within the target block range) and is itself confirmed inside that same block range.,"tools/onchain/trace_cluster.py (mempool.space API, live query)"
deedfec0ea0758ee6eb28533fcd4ba01f871dcb75ca19308c1c560e35779784d,960190,000000000000000000005cd3ef8a8583807efa1cd1566a6608b16ca297fb0f8e,2026-07-30T01:43:00+00:00,1,41802214,1,41798914,3300,30.137,v0_p2wpkh,v0_p2wpkh,bc1qnk4zh9qcnap2mycp56qjrgza3cc8ylrh8fecp0,sweep-funding-tx,high,Pays bc1qnk4zh9qcnap2mycp56qjrgza3cc8ylrh8fecp0 (the sole address that directly funded the named consolidation address bc1qq85v2c926eg6pgxhwp6q7lf6cnsz80qs3fcu9r within the target block range) and is itself confirmed inside that same block range.,"tools/onchain/trace_cluster.py (mempool.space API, live query)"
df64476d113dd6d4af490310b005f1e740a73370f3ceed030a8a2f4e363e459b,960190,000000000000000000005cd3ef8a8583807efa1cd1566a6608b16ca297fb0f8e,2026-07-30T01:43:00+00:00,1,29120000,1,29116700,3300,30.137,v0_p2wpkh,v0_p2wpkh,bc1qnk4zh9qcnap2mycp56qjrgza3cc8ylrh8fecp0,sweep-funding-tx,high,Pays bc1qnk4zh9qcnap2mycp56qjrgza3cc8ylrh8fecp0 (the sole address that directly funded the named consolidation address bc1qq85v2c926eg6pgxhwp6q7lf6cnsz80qs3fcu9r within the target block range) and is itself confirmed inside that same block range.,"tools/onchain/trace_cluster.py (mempool.space API, live query)"
e194a162b94e6023e84ed3f1fc1ae62b7a43b6447faa73ad6957966fb3098559,960190,000000000000000000005cd3ef8a8583807efa1cd1566a6608b16ca297fb0f8e,2026-07-30T01:43:00+00:00,1,35289256,1,35285956,3300,30.137,v0_p2wpkh,v0_p2wpkh,bc1qnk4zh9qcnap2mycp56qjrgza3cc8ylrh8fecp0,sweep-funding-tx,high,Pays bc1qnk4zh9qcnap2mycp56qjrgza3cc8ylrh8fecp0 (the sole address that directly funded the named consolidation address bc1qq85v2c926eg6pgxhwp6q7lf6cnsz80qs3fcu9r within the target block range) and is itself confirmed inside that same block range.,"tools/onchain/trace_cluster.py (mempool.space API, live query)"
e3c97b07ee61c5d931b725aef6f5851b0c8e1e8b6344ebf9a5b63abf5a88c1ba,960190,000000000000000000005cd3ef8a8583807efa1cd1566a6608b16ca297fb0f8e,2026-07-30T01:43:00+00:00,1,57190210,1,57186910,3300,30.206,v0_p2wpkh,v0_p2wpkh,bc1qnk4zh9qcnap2mycp56qjrgza3cc8ylrh8fecp0,sweep-funding-tx,high,Pays bc1qnk4zh9qcnap2mycp56qjrgza3cc8ylrh8fecp0 (the sole address that directly funded the named consolidation address bc1qq85v2c926eg6pgxhwp6q7lf6cnsz80qs3fcu9r within the target block range) and is itself confirmed inside that same block range.,"tools/onchain/trace_cluster.py (mempool.space API, live query)"
e3e809b8597038fde6600db74c31a02b0f2710cd1d0036fac3ee982b2a26489a,960190,000000000000000000005cd3ef8a8583807efa1cd1566a6608b16ca297fb0f8e,2026-07-30T01:43:00+00:00,1,26278792,1,26275492,3300,30.206,v0_p2wpkh,v0_p2wpkh,bc1qnk4zh9qcnap2mycp56qjrgza3cc8ylrh8fecp0,sweep-funding-tx,high,Pays bc1qnk4zh9qcnap2mycp56qjrgza3cc8ylrh8fecp0 (the sole address that directly funded the named consolidation address bc1qq85v2c926eg6pgxhwp6q7lf6cnsz80qs3fcu9r within the target block range) and is itself confirmed inside that same block range.,"tools/onchain/trace_cluster.py (mempool.space API, live query)"
e4a4bd157eb5136e8c6fb1dba5905fb770568e2c5bf9abed549cef4294b8f35d,960190,000000000000000000005cd3ef8a8583807efa1cd1566a6608b16ca297fb0f8e,2026-07-30T01:43:00+00:00,1,47974274,1,47970974,3300,30.137,v0_p2wpkh,v0_p2wpkh,bc1qnk4zh9qcnap2mycp56qjrgza3cc8ylrh8fecp0,sweep-funding-tx,high,Pays bc1qnk4zh9qcnap2mycp56qjrgza3cc8ylrh8fecp0 (the sole address that directly funded the named consolidation address bc1qq85v2c926eg6pgxhwp6q7lf6cnsz80qs3fcu9r within the target block range) and is itself confirmed inside that same block range.,"tools/onchain/trace_cluster.py (mempool.space API, live query)"
e4ece067741dc71e393b6dfe6942f69e9afc5143819ee76ef441e134a2e74f74,960190,000000000000000000005cd3ef8a8583807efa1cd1566a6608b16ca297fb0f8e,2026-07-30T01:43:00+00:00,1,39357281,1,39353981,3300,30.206,v0_p2wpkh,v0_p2wpkh,bc1qnk4zh9qcnap2mycp56qjrgza3cc8ylrh8fecp0,sweep-funding-tx,high,Pays bc1qnk4zh9qcnap2mycp56qjrgza3cc8ylrh8fecp0 (the sole address that directly funded the named consolidation address bc1qq85v2c926eg6pgxhwp6q7lf6cnsz80qs3fcu9r within the target block range) and is itself confirmed inside that same block range.,"tools/onchain/trace_cluster.py (mempool.space API, live query)"
e5cea5b0b4c2229df1fe4affbf963d8de1850124152b33202a97da4ff728b313,960190,000000000000000000005cd3ef8a8583807efa1cd1566a6608b16ca297fb0f8e,2026-07-30T01:43:00+00:00,10,49896682,1,49875022,21660,30.073,v0_p2wpkh,v0_p2wpkh,bc1qnk4zh9qcnap2mycp56qjrgza3cc8ylrh8fecp0,sweep-funding-tx,high,Pays bc1qnk4zh9qcnap2mycp56qjrgza3cc8ylrh8fecp0 (the sole address that directly funded the named consolidation address bc1qq85v2c926eg6pgxhwp6q7lf6cnsz80qs3fcu9r within the target block range) and is itself confirmed inside that same block range.,"tools/onchain/trace_cluster.py (mempool.space API, live query)"
e8b620d8fb7fe84d0bb643491cbd7f1ef61847246b135bdbc20b5743ad44184d,960190,000000000000000000005cd3ef8a8583807efa1cd1566a6608b16ca297fb0f8e,2026-07-30T01:43:00+00:00,10,26258191,1,26236531,21660,30.083,v0_p2wpkh,v0_p2wpkh,bc1qnk4zh9qcnap2mycp56qjrgza3cc8ylrh8fecp0,sweep-funding-tx,high,Pays bc1qnk4zh9qcnap2mycp56qjrgza3cc8ylrh8fecp0 (the sole address that directly funded the named consolidation address bc1qq85v2c926eg6pgxhwp6q7lf6cnsz80qs3fcu9r within the target block range) and is itself confirmed inside that same block range.,"tools/onchain/trace_cluster.py (mempool.space API, live query)"
e9c82db7954f6cb04928d9fe7109a841a5b301df03e3ff70d9713ea543d39070,960190,000000000000000000005cd3ef8a8583807efa1cd1566a6608b16ca297fb0f8e,2026-07-30T01:43:00+00:00,1,53589912,1,53586612,3300,30.206,v0_p2wpkh,v0_p2wpkh,bc1qnk4zh9qcnap2mycp56qjrgza3cc8ylrh8fecp0,sweep-funding-tx,high,Pays bc1qnk4zh9qcnap2mycp56qjrgza3cc8ylrh8fecp0 (the sole address that directly funded the named consolidation address bc1qq85v2c926eg6pgxhwp6q7lf6cnsz80qs3fcu9r within the target block range) and is itself confirmed inside that same block range.,"tools/onchain/trace_cluster.py (mempool.space API, live query)"
e9fa49f687fb1d8ddc8b6113a64f5383dd8d95147b31b3c05acecdac368e26b5,960190,000000000000000000005cd3ef8a8583807efa1cd1566a6608b16ca297fb0f8e,2026-07-30T01:43:00+00:00,1,50000000,1,49996700,3300,30.206,v0_p2wpkh,v0_p2wpkh,bc1qnk4zh9qcnap2mycp56qjrgza3cc8ylrh8fecp0,sweep-funding-tx,high,Pays bc1qnk4zh9qcnap2mycp56qjrgza3cc8ylrh8fecp0 (the sole address that directly funded the named consolidation address bc1qq85v2c926eg6pgxhwp6q7lf6cnsz80qs3fcu9r within the target block range) and is itself confirmed inside that same block range.,"tools/onchain/trace_cluster.py (mempool.space API, live query)"
ecc827a45c6cda012c3fd1c1b90fa4b404acfb57b61c0fea4cba8d2631b2b47c,960190,000000000000000000005cd3ef8a8583807efa1cd1566a6608b16ca297fb0f8e,2026-07-30T01:43:00+00:00,1,36765446,1,36759746,5700,30.319,p2pkh,v0_p2wpkh,bc1qnk4zh9qcnap2mycp56qjrgza3cc8ylrh8fecp0,sweep-funding-tx,high,Pays bc1qnk4zh9qcnap2mycp56qjrgza3cc8ylrh8fecp0 (the sole address that directly funded the named consolidation address bc1qq85v2c926eg6pgxhwp6q7lf6cnsz80qs3fcu9r within the target block range) and is itself confirmed inside that same block range.,"tools/onchain/trace_cluster.py (mempool.space API, live query)"
f34972b1bf24b1d09bda9020aac82f9b94721a8749bc10b38904936b948ad1ab,960190,000000000000000000005cd3ef8a8583807efa1cd1566a6608b16ca297fb0f8e,2026-07-30T01:43:00+00:00,1,29037115,1,29033815,3300,30.206,v0_p2wpkh,v0_p2wpkh,bc1qnk4zh9qcnap2mycp56qjrgza3cc8ylrh8fecp0,sweep-funding-tx,high,Pays bc1qnk4zh9qcnap2mycp56qjrgza3cc8ylrh8fecp0 (the sole address that directly funded the named consolidation address bc1qq85v2c926eg6pgxhwp6q7lf6cnsz80qs3fcu9r within the target block range) and is itself confirmed inside that same block range.,"tools/onchain/trace_cluster.py (mempool.space API, live query)"
f4532439e240db979cd8d429e8e6ab29146208d6f0fe5f68e6d8ebefcb35262f,960190,000000000000000000005cd3ef8a8583807efa1cd1566a6608b16ca297fb0f8e,2026-07-30T01:43:00+00:00,1,50000000,1,49996700,3300,30.137,v0_p2wpkh,v0_p2wpkh,bc1qnk4zh9qcnap2mycp56qjrgza3cc8ylrh8fecp0,sweep-funding-tx,high,Pays bc1qnk4zh9qcnap2mycp56qjrgza3cc8ylrh8fecp0 (the sole address that directly funded the named consolidation address bc1qq85v2c926eg6pgxhwp6q7lf6cnsz80qs3fcu9r within the target block range) and is itself confirmed inside that same block range.,"tools/onchain/trace_cluster.py (mempool.space API, live query)"
f505758e2424c83684552dce241e2865813b8cde5fa856981b02daf5acace428,960190,000000000000000000005cd3ef8a8583807efa1cd1566a6608b16ca297fb0f8e,2026-07-30T01:43:00+00:00,1,29611448,1,29608148,3300,30.137,v0_p2wpkh,v0_p2wpkh,bc1qnk4zh9qcnap2mycp56qjrgza3cc8ylrh8fecp0,sweep-funding-tx,high,Pays bc1qnk4zh9qcnap2mycp56qjrgza3cc8ylrh8fecp0 (the sole address that directly funded the named consolidation address bc1qq85v2c926eg6pgxhwp6q7lf6cnsz80qs3fcu9r within the target block range) and is itself confirmed inside that same block range.,"tools/onchain/trace_cluster.py (mempool.space API, live query)"
f5b7bfa94d96be899a1f5276d1210c3c54eed9501226485d91b5c8bb0e62fc52,960190,000000000000000000005cd3ef8a8583807efa1cd1566a6608b16ca297fb0f8e,2026-07-30T01:43:00+00:00,1,27936021,1,27932721,3300,30.137,v0_p2wpkh,v0_p2wpkh,bc1qnk4zh9qcnap2mycp56qjrgza3cc8ylrh8fecp0,sweep-funding-tx,high,Pays bc1qnk4zh9qcnap2mycp56qjrgza3cc8ylrh8fecp0 (the sole address that directly funded the named consolidation address bc1qq85v2c926eg6pgxhwp6q7lf6cnsz80qs3fcu9r within the target block range) and is itself confirmed inside that same block range.,"tools/onchain/trace_cluster.py (mempool.space API, live query)"
f6ee272b7431df9e0c5a20076069e117d1fad7e98fc558c24f922953ac725915,960190,000000000000000000005cd3ef8a8583807efa1cd1566a6608b16ca297fb0f8e,2026-07-30T01:43:00+00:00,1,32597700,1,32594400,3300,30.206,v0_p2wpkh,v0_p2wpkh,bc1qnk4zh9qcnap2mycp56qjrgza3cc8ylrh8fecp0,sweep-funding-tx,high,Pays bc1qnk4zh9qcnap2mycp56qjrgza3cc8ylrh8fecp0 (the sole address that directly funded the named consolidation address bc1qq85v2c926eg6pgxhwp6q7lf6cnsz80qs3fcu9r within the target block range) and is itself confirmed inside that same block range.,"tools/onchain/trace_cluster.py (mempool.space API, live query)"
f9f6ebba69cb852e499d0ff35a9fc57a9c87e051bc6dbf7e5b636ce6d71af207,960190,000000000000000000005cd3ef8a8583807efa1cd1566a6608b16ca297fb0f8e,2026-07-30T01:43:00+00:00,1,26050000,1,26046700,3300,30.137,v0_p2wpkh,v0_p2wpkh,bc1qnk4zh9qcnap2mycp56qjrgza3cc8ylrh8fecp0,sweep-funding-tx,high,Pays bc1qnk4zh9qcnap2mycp56qjrgza3cc8ylrh8fecp0 (the sole address that directly funded the named consolidation address bc1qq85v2c926eg6pgxhwp6q7lf6cnsz80qs3fcu9r within the target block range) and is itself confirmed inside that same block range.,"tools/onchain/trace_cluster.py (mempool.space API, live query)"
fb080c55d073b3ce84a54e39be1da0f77377a189b8fe1fd07ad563e22f6f489f,960190,000000000000000000005cd3ef8a8583807efa1cd1566a6608b16ca297fb0f8e,2026-07-30T01:43:00+00:00,1,50000000,1,49996700,3300,30.137,v0_p2wpkh,v0_p2wpkh,bc1qnk4zh9qcnap2mycp56qjrgza3cc8ylrh8fecp0,sweep-funding-tx,high,Pays bc1qnk4zh9qcnap2mycp56qjrgza3cc8ylrh8fecp0 (the sole address that directly funded the named consolidation address bc1qq85v2c926eg6pgxhwp6q7lf6cnsz80qs3fcu9r within the target block range) and is itself confirmed inside that same block range.,"tools/onchain/trace_cluster.py (mempool.space API, live query)"
fd6dd077f1271e3d8f0e674e34024dcdf607f3a95a467ef9a88fbe4dd1d56c51,960190,000000000000000000005cd3ef8a8583807efa1cd1566a6608b16ca297fb0f8e,2026-07-30T01:43:00+00:00,1,36284389,1,36281089,3300,30.137,v0_p2wpkh,v0_p2wpkh,bc1qnk4zh9qcnap2mycp56qjrgza3cc8ylrh8fecp0,sweep-funding-tx,high,Pays bc1qnk4zh9qcnap2mycp56qjrgza3cc8ylrh8fecp0 (the sole address that directly funded the named consolidation address bc1qq85v2c926eg6pgxhwp6q7lf6cnsz80qs3fcu9r within the target block range) and is itself confirmed inside that same block range.,"tools/onchain/trace_cluster.py (mempool.space API, live query)"
fffbba0a8e4aa0ce883c83416482b7f41002691634270867ff896ea6972ac944,960190,000000000000000000005cd3ef8a8583807efa1cd1566a6608b16ca297fb0f8e,2026-07-30T01:43:00+00:00,1,48000000,1,47996700,3300,30.137,v0_p2wpkh,v0_p2wpkh,bc1qnk4zh9qcnap2mycp56qjrgza3cc8ylrh8fecp0,sweep-funding-tx,high,Pays bc1qnk4zh9qcnap2mycp56qjrgza3cc8ylrh8fecp0 (the sole address that directly funded the named consolidation address bc1qq85v2c926eg6pgxhwp6q7lf6cnsz80qs3fcu9r within the target block range) and is itself confirmed inside that same block range.,"tools/onchain/trace_cluster.py (mempool.space API, live query)"
024005d32584455c7cd0eb92b3d60e004beb40ede905adb4188faa4d093952d0,960191,000000000000000000003094b4c6bfd6caa47f12985b8b78a54c7524dd1bc606,2026-07-30T01:51:26+00:00,1,17035519,1,17032219,3300,30.206,v0_p2wpkh,v0_p2wpkh,bc1qnk4zh9qcnap2mycp56qjrgza3cc8ylrh8fecp0,sweep-funding-tx,high,Pays bc1qnk4zh9qcnap2mycp56qjrgza3cc8ylrh8fecp0 (the sole address that directly funded the named consolidation address bc1qq85v2c926eg6pgxhwp6q7lf6cnsz80qs3fcu9r within the target block range) and is itself confirmed inside that same block range.,"tools/onchain/trace_cluster.py (mempool.space API, live query)"
03248ab1d16fa1e3ab9ce164d2c9960e73dee786a6fa2638c84139b1092a7d05,960191,000000000000000000003094b4c6bfd6caa47f12985b8b78a54c7524dd1bc606,2026-07-30T01:51:26+00:00,19,20799514,1,20759494,40020,30.068,v0_p2wpkh,v0_p2wpkh,bc1qnk4zh9qcnap2mycp56qjrgza3cc8ylrh8fecp0,sweep-funding-tx,high,Pays bc1qnk4zh9qcnap2mycp56qjrgza3cc8ylrh8fecp0 (the sole address that directly funded the named consolidation address bc1qq85v2c926eg6pgxhwp6q7lf6cnsz80qs3fcu9r within the target block range) and is itself confirmed inside that same block range.,"tools/onchain/trace_cluster.py (mempool.space API, live query)"
03a951e6c651a7c658550fb40b938e79c66b410e097cf010a1e01ba516fc2927,960191,000000000000000000003094b4c6bfd6caa47f12985b8b78a54c7524dd1bc606,2026-07-30T01:51:26+00:00,1,15000000,1,14996700,3300,30.206,v0_p2wpkh,v0_p2wpkh,bc1qnk4zh9qcnap2mycp56qjrgza3cc8ylrh8fecp0,sweep-funding-tx,high,Pays bc1qnk4zh9qcnap2mycp56qjrgza3cc8ylrh8fecp0 (the sole address that directly funded the named consolidation address bc1qq85v2c926eg6pgxhwp6q7lf6cnsz80qs3fcu9r within the target block range) and is itself confirmed inside that same block range.,"tools/onchain/trace_cluster.py (mempool.space API, live query)"
03f1d89c73dd5d0b115039e6c485125029be9fb33f88a9b3d3ac002ff152f314,960191,000000000000000000003094b4c6bfd6caa47f12985b8b78a54c7524dd1bc606,2026-07-30T01:51:26+00:00,1,21219807,1,21216507,3300,30.206,v0_p2wpkh,v0_p2wpkh,bc1qnk4zh9qcnap2mycp56qjrgza3cc8ylrh8fecp0,sweep-funding-tx,high,Pays bc1qnk4zh9qcnap2mycp56qjrgza3cc8ylrh8fecp0 (the sole address that directly funded the named consolidation address bc1qq85v2c926eg6pgxhwp6q7lf6cnsz80qs3fcu9r within the target block range) and is itself confirmed inside that same block range.,"tools/onchain/trace_cluster.py (mempool.space API, live query)"
0450c27ac026440dd7eb5ee449166cd9bfe3dc5c7752b1fb297f2f2f7091fc20,960191,000000000000000000003094b4c6bfd6caa47f12985b8b78a54c7524dd1bc606,2026-07-30T01:51:26+00:00,1,25387260,1,25383960,3300,30.137,v0_p2wpkh,v0_p2wpkh,bc1qnk4zh9qcnap2mycp56qjrgza3cc8ylrh8fecp0,sweep-funding-tx,high,Pays bc1qnk4zh9qcnap2mycp56qjrgza3cc8ylrh8fecp0 (the sole address that directly funded the named consolidation address bc1qq85v2c926eg6pgxhwp6q7lf6cnsz80qs3fcu9r within the target block range) and is itself confirmed inside that same block range.,"tools/onchain/trace_cluster.py (mempool.space API, live query)"
0572de5728acccb83c1408ba4f4653df5019380d4a50ab06e0df2fc2a58a630a,960191,000000000000000000003094b4c6bfd6caa47f12985b8b78a54c7524dd1bc606,2026-07-30T01:51:26+00:00,1,17599956,1,17596656,3300,30.206,v0_p2wpkh,v0_p2wpkh,bc1qnk4zh9qcnap2mycp56qjrgza3cc8ylrh8fecp0,sweep-funding-tx,high,Pays bc1qnk4zh9qcnap2mycp56qjrgza3cc8ylrh8fecp0 (the sole address that directly funded the named consolidation address bc1qq85v2c926eg6pgxhwp6q7lf6cnsz80qs3fcu9r within the target block range) and is itself confirmed inside that same block range.,"tools/onchain/trace_cluster.py (mempool.space API, live query)"
0710e5128085e613316210c706cc371b749c7193a065cd987f5196780cad6de0,960191,000000000000000000003094b4c6bfd6caa47f12985b8b78a54c7524dd1bc606,2026-07-30T01:51:26+00:00,1,21539431,1,21536131,3300,30.206,v0_p2wpkh,v0_p2wpkh,bc1qnk4zh9qcnap2mycp56qjrgza3cc8ylrh8fecp0,sweep-funding-tx,high,Pays bc1qnk4zh9qcnap2mycp56qjrgza3cc8ylrh8fecp0 (the sole address that directly funded the named consolidation address bc1qq85v2c926eg6pgxhwp6q7lf6cnsz80qs3fcu9r within the target block range) and is itself confirmed inside that same block range.,"tools/onchain/trace_cluster.py (mempool.space API, live query)"
0787738c5ca4b13ee9954707d027bd6922f5073f4012b923d907e09af1e32905,960191,000000000000000000003094b4c6bfd6caa47f12985b8b78a54c7524dd1bc606,2026-07-30T01:51:26+00:00,1,16987994,1,16984694,3300,30.137,v0_p2wpkh,v0_p2wpkh,bc1qnk4zh9qcnap2mycp56qjrgza3cc8ylrh8fecp0,sweep-funding-tx,high,Pays bc1qnk4zh9qcnap2mycp56qjrgza3cc8ylrh8fecp0 (the sole address that directly funded the named consolidation address bc1qq85v2c926eg6pgxhwp6q7lf6cnsz80qs3fcu9r within the target block range) and is itself confirmed inside that same block range.,"tools/onchain/trace_cluster.py (mempool.space API, live query)"
0b1aafd8c89eabad7105beb0f7f84f3fde3f9ee65f18fba71e541d0e32542760,960191,000000000000000000003094b4c6bfd6caa47f12985b8b78a54c7524dd1bc606,2026-07-30T01:51:26+00:00,1,18952080,1,18948780,3300,30.206,v0_p2wpkh,v0_p2wpkh,bc1qnk4zh9qcnap2mycp56qjrgza3cc8ylrh8fecp0,sweep-funding-tx,high,Pays bc1qnk4zh9qcnap2mycp56qjrgza3cc8ylrh8fecp0 (the sole address that directly funded the named consolidation address bc1qq85v2c926eg6pgxhwp6q7lf6cnsz80qs3fcu9r within the target block range) and is itself confirmed inside that same block range.,"tools/onchain/trace_cluster.py (mempool.space API, live query)"
0b1f89bb735062fa83fd69ae999dd3f7fa6b1c8c63938976ac399a05da59115c,960191,000000000000000000003094b4c6bfd6caa47f12985b8b78a54c7524dd1bc606,2026-07-30T01:51:26+00:00,1,21536525,1,21533225,3300,30.137,v0_p2wpkh,v0_p2wpkh,bc1qnk4zh9qcnap2mycp56qjrgza3cc8ylrh8fecp0,sweep-funding-tx,high,Pays bc1qnk4zh9qcnap2mycp56qjrgza3cc8ylrh8fecp0 (the sole address that directly funded the named consolidation address bc1qq85v2c926eg6pgxhwp6q7lf6cnsz80qs3fcu9r within the target block range) and is itself confirmed inside that same block range.,"tools/onchain/trace_cluster.py (mempool.space API, live query)"
0c754e24db709b43bbb115651798467011cd82b4637ec79b392702bed1fca11e,960191,000000000000000000003094b4c6bfd6caa47f12985b8b78a54c7524dd1bc606,2026-07-30T01:51:26+00:00,1,20000000,1,19996700,3300,30.206,v0_p2wpkh,v0_p2wpkh,bc1qnk4zh9qcnap2mycp56qjrgza3cc8ylrh8fecp0,sweep-funding-tx,high,Pays bc1qnk4zh9qcnap2mycp56qjrgza3cc8ylrh8fecp0 (the sole address that directly funded the named consolidation address bc1qq85v2c926eg6pgxhwp6q7lf6cnsz80qs3fcu9r within the target block range) and is itself confirmed inside that same block range.,"tools/onchain/trace_cluster.py (mempool.space API, live query)"
0d85d6908c793ffec2f0567bd07a2adeebaab22cafdd3c04a447605c3d4973f2,960191,000000000000000000003094b4c6bfd6caa47f12985b8b78a54c7524dd1bc606,2026-07-30T01:51:26+00:00,1,17853876,1,17850576,3300,30.206,v0_p2wpkh,v0_p2wpkh,bc1qnk4zh9qcnap2mycp56qjrgza3cc8ylrh8fecp0,sweep-funding-tx,high,Pays bc1qnk4zh9qcnap2mycp56qjrgza3cc8ylrh8fecp0 (the sole address that directly funded the named consolidation address bc1qq85v2c926eg6pgxhwp6q7lf6cnsz80qs3fcu9r within the target block range) and is itself confirmed inside that same block range.,"tools/onchain/trace_cluster.py (mempool.space API, live query)"
0e298d4573467d2c085aa1c0c714feec37fda550b1008bb8c38ff693e648e46f,960191,000000000000000000003094b4c6bfd6caa47f12985b8b78a54c7524dd1bc606,2026-07-30T01:51:26+00:00,1,24130800,1,24127500,3300,30.137,v0_p2wpkh,v0_p2wpkh,bc1qnk4zh9qcnap2mycp56qjrgza3cc8ylrh8fecp0,sweep-funding-tx,high,Pays bc1qnk4zh9qcnap2mycp56qjrgza3cc8ylrh8fecp0 (the sole address that directly funded the named consolidation address bc1qq85v2c926eg6pgxhwp6q7lf6cnsz80qs3fcu9r within the target block range) and is itself confirmed inside that same block range.,"tools/onchain/trace_cluster.py (mempool.space API, live query)"
10c89f214a76413fd6f40aba05b6299d22089edb959ed3b037b399dbd1ff515a,960191,000000000000000000003094b4c6bfd6caa47f12985b8b78a54c7524dd1bc606,2026-07-30T01:51:26+00:00,39,20256881,1,20176061,80820,30.059,v0_p2wpkh,v0_p2wpkh,bc1qnk4zh9qcnap2mycp56qjrgza3cc8ylrh8fecp0,sweep-funding-tx,high,Pays bc1qnk4zh9qcnap2mycp56qjrgza3cc8ylrh8fecp0 (the sole address that directly funded the named consolidation address bc1qq85v2c926eg6pgxhwp6q7lf6cnsz80qs3fcu9r within the target block range) and is itself confirmed inside that same block range.,"tools/onchain/trace_cluster.py (mempool.space API, live query)"
127757989867121acf33746c21c7e8d6aeb3e77a040164330bccdb3dda6bc824,960191,000000000000000000003094b4c6bfd6caa47f12985b8b78a54c7524dd1bc606,2026-07-30T01:51:26+00:00,1,19998000,1,19994700,3300,30.206,v0_p2wpkh,v0_p2wpkh,bc1qnk4zh9qcnap2mycp56qjrgza3cc8ylrh8fecp0,sweep-funding-tx,high,Pays bc1qnk4zh9qcnap2mycp56qjrgza3cc8ylrh8fecp0 (the sole address that directly funded the named consolidation address bc1qq85v2c926eg6pgxhwp6q7lf6cnsz80qs3fcu9r within the target block range) and is itself confirmed inside that same block range.,"tools/onchain/trace_cluster.py (mempool.space API, live query)"
14108b4a6d3e3c6bf81cd67499e376d96709a55d024e3f7adb8db30a43f66f8f,960191,000000000000000000003094b4c6bfd6caa47f12985b8b78a54c7524dd1bc606,2026-07-30T01:51:26+00:00,1,18210240,1,18206940,3300,30.206,v0_p2wpkh,v0_p2wpkh,bc1qnk4zh9qcnap2mycp56qjrgza3cc8ylrh8fecp0,sweep-funding-tx,high,Pays bc1qnk4zh9qcnap2mycp56qjrgza3cc8ylrh8fecp0 (the sole address that directly funded the named consolidation address bc1qq85v2c926eg6pgxhwp6q7lf6cnsz80qs3fcu9r within the target block range) and is itself confirmed inside that same block range.,"tools/onchain/trace_cluster.py (mempool.space API, live query)"
17cd7666bcec119b0ef650e3b6092fe992e759235f428a10d3c2b2817a485d35,960191,000000000000000000003094b4c6bfd6caa47f12985b8b78a54c7524dd1bc606,2026-07-30T01:51:26+00:00,1,20000000,1,19996700,3300,30.137,v0_p2wpkh,v0_p2wpkh,bc1qnk4zh9qcnap2mycp56qjrgza3cc8ylrh8fecp0,sweep-funding-tx,high,Pays bc1qnk4zh9qcnap2mycp56qjrgza3cc8ylrh8fecp0 (the sole address that directly funded the named consolidation address bc1qq85v2c926eg6pgxhwp6q7lf6cnsz80qs3fcu9r within the target block range) and is itself confirmed inside that same block range.,"tools/onchain/trace_cluster.py (mempool.space API, live query)"
19b4fcf819a8bc30b73712355031dfdd7bdfe7fa3f620e6c57019a956c75489e,960191,000000000000000000003094b4c6bfd6caa47f12985b8b78a54c7524dd1bc606,2026-07-30T01:51:26+00:00,1,24826169,1,24822869,3300,30.206,v0_p2wpkh,v0_p2wpkh,bc1qnk4zh9qcnap2mycp56qjrgza3cc8ylrh8fecp0,sweep-funding-tx,high,Pays bc1qnk4zh9qcnap2mycp56qjrgza3cc8ylrh8fecp0 (the sole address that directly funded the named consolidation address bc1qq85v2c926eg6pgxhwp6q7lf6cnsz80qs3fcu9r within the target block range) and is itself confirmed inside that same block range.,"tools/onchain/trace_cluster.py (mempool.space API, live query)"
1ccb0d45eb0679820eb9f5c417342b3f806c93dccc2b5b4ab77bb2fc5004e6fc,960191,000000000000000000003094b4c6bfd6caa47f12985b8b78a54c7524dd1bc606,2026-07-30T01:51:26+00:00,1,20669400,1,20666100,3300,30.206,v0_p2wpkh,v0_p2wpkh,bc1qnk4zh9qcnap2mycp56qjrgza3cc8ylrh8fecp0,sweep-funding-tx,high,Pays bc1qnk4zh9qcnap2mycp56qjrgza3cc8ylrh8fecp0 (the sole address that directly funded the named consolidation address bc1qq85v2c926eg6pgxhwp6q7lf6cnsz80qs3fcu9r within the target block range) and is itself confirmed inside that same block range.,"tools/onchain/trace_cluster.py (mempool.space API, live query)"
1d64b63b9a3e60cc3567f3108aaa9f0f8e56c3c61d61e18d44408c953001ba71,960191,000000000000000000003094b4c6bfd6caa47f12985b8b78a54c7524dd1bc606,2026-07-30T01:51:26+00:00,1,25274021,1,25270721,3300,30.137,v0_p2wpkh,v0_p2wpkh,bc1qnk4zh9qcnap2mycp56qjrgza3cc8ylrh8fecp0,sweep-funding-tx,high,Pays bc1qnk4zh9qcnap2mycp56qjrgza3cc8ylrh8fecp0 (the sole address that directly funded the named consolidation address bc1qq85v2c926eg6pgxhwp6q7lf6cnsz80qs3fcu9r within the target block range) and is itself confirmed inside that same block range.,"tools/onchain/trace_cluster.py (mempool.space API, live query)"
1e5cbb2029a789c4d4e8150d2a0c59d92b22bcb89947e9f4bd96afe28795e3e1,960191,000000000000000000003094b4c6bfd6caa47f12985b8b78a54c7524dd1bc606,2026-07-30T01:51:26+00:00,1,15263680,1,15260380,3300,30.137,v0_p2wpkh,v0_p2wpkh,bc1qnk4zh9qcnap2mycp56qjrgza3cc8ylrh8fecp0,sweep-funding-tx,high,Pays bc1qnk4zh9qcnap2mycp56qjrgza3cc8ylrh8fecp0 (the sole address that directly funded the named consolidation address bc1qq85v2c926eg6pgxhwp6q7lf6cnsz80qs3fcu9r within the target block range) and is itself confirmed inside that same block range.,"tools/onchain/trace_cluster.py (mempool.space API, live query)"
2130b2e5ab8f403d7e1b0f4e3cd81f6ee1168ad417adbb356b6b3aff896574da,960191,000000000000000000003094b4c6bfd6caa47f12985b8b78a54c7524dd1bc606,2026-07-30T01:51:26+00:00,1,21450000,1,21446700,3300,30.137,v0_p2wpkh,v0_p2wpkh,bc1qnk4zh9qcnap2mycp56qjrgza3cc8ylrh8fecp0,sweep-funding-tx,high,Pays bc1qnk4zh9qcnap2mycp56qjrgza3cc8ylrh8fecp0 (the sole address that directly funded the named consolidation address bc1qq85v2c926eg6pgxhwp6q7lf6cnsz80qs3fcu9r within the target block range) and is itself confirmed inside that same block range.,"tools/onchain/trace_cluster.py (mempool.space API, live query)"
21eea93cd575ff449213ac92776a9adaed73dcd82485e1b279fb32e0d45645ce,960191,000000000000000000003094b4c6bfd6caa47f12985b8b78a54c7524dd1bc606,2026-07-30T01:51:26+00:00,1,25280862,1,25277562,3300,30.206,v0_p2wpkh,v0_p2wpkh,bc1qnk4zh9qcnap2mycp56qjrgza3cc8ylrh8fecp0,sweep-funding-tx,high,Pays bc1qnk4zh9qcnap2mycp56qjrgza3cc8ylrh8fecp0 (the sole address that directly funded the named consolidation address bc1qq85v2c926eg6pgxhwp6q7lf6cnsz80qs3fcu9r within the target block range) and is itself confirmed inside that same block range.,"tools/onchain/trace_cluster.py (mempool.space API, live query)"
2211324816a38fb914d7d5e52ec3ae0b549279d12f5b36a34cae36e546f0cd2b,960191,000000000000000000003094b4c6bfd6caa47f12985b8b78a54c7524dd1bc606,2026-07-30T01:51:26+00:00,1,24253800,1,24250500,3300,30.206,v0_p2wpkh,v0_p2wpkh,bc1qnk4zh9qcnap2mycp56qjrgza3cc8ylrh8fecp0,sweep-funding-tx,high,Pays bc1qnk4zh9qcnap2mycp56qjrgza3cc8ylrh8fecp0 (the sole address that directly funded the named consolidation address bc1qq85v2c926eg6pgxhwp6q7lf6cnsz80qs3fcu9r within the target block range) and is itself confirmed inside that same block range.,"tools/onchain/trace_cluster.py (mempool.space API, live query)"
232fb54503797abdfe5006082a7af99ad3bbf0f06ae306d6cc70f438dad8f61f,960191,000000000000000000003094b4c6bfd6caa47f12985b8b78a54c7524dd1bc606,2026-07-30T01:51:26+00:00,1,21820926,1,21817626,3300,30.206,v0_p2wpkh,v0_p2wpkh,bc1qnk4zh9qcnap2mycp56qjrgza3cc8ylrh8fecp0,sweep-funding-tx,high,Pays bc1qnk4zh9qcnap2mycp56qjrgza3cc8ylrh8fecp0 (the sole address that directly funded the named consolidation address bc1qq85v2c926eg6pgxhwp6q7lf6cnsz80qs3fcu9r within the target block range) and is itself confirmed inside that same block range.,"tools/onchain/trace_cluster.py (mempool.space API, live query)"
26346d275ccc2f0779803ab9676b224355b1a6c697215d5b5a2751678d0e19b8,960191,000000000000000000003094b4c6bfd6caa47f12985b8b78a54c7524dd1bc606,2026-07-30T01:51:26+00:00,1,24000000,1,23996700,3300,30.206,v0_p2wpkh,v0_p2wpkh,bc1qnk4zh9qcnap2mycp56qjrgza3cc8ylrh8fecp0,sweep-funding-tx,high,Pays bc1qnk4zh9qcnap2mycp56qjrgza3cc8ylrh8fecp0 (the sole address that directly funded the named consolidation address bc1qq85v2c926eg6pgxhwp6q7lf6cnsz80qs3fcu9r within the target block range) and is itself confirmed inside that same block range.,"tools/onchain/trace_cluster.py (mempool.space API, live query)"
28d7849b65d6b7a0e57eec45b8d8443f26940e29b6b7d4353b6127b29e4c62ef,960191,000000000000000000003094b4c6bfd6caa47f12985b8b78a54c7524dd1bc606,2026-07-30T01:51:26+00:00,1,18200000,1,18196700,3300,30.137,v0_p2wpkh,v0_p2wpkh,bc1qnk4zh9qcnap2mycp56qjrgza3cc8ylrh8fecp0,sweep-funding-tx,high,Pays bc1qnk4zh9qcnap2mycp56qjrgza3cc8ylrh8fecp0 (the sole address that directly funded the named consolidation address bc1qq85v2c926eg6pgxhwp6q7lf6cnsz80qs3fcu9r within the target block range) and is itself confirmed inside that same block range.,"tools/onchain/trace_cluster.py (mempool.space API, live query)"
2a8a7869f1b856f1716e64f2d99cad98242c189998758c2a1cabb011c341bdf2,960191,000000000000000000003094b4c6bfd6caa47f12985b8b78a54c7524dd1bc606,2026-07-30T01:51:26+00:00,1,25071844,1,25068544,3300,30.137,v0_p2wpkh,v0_p2wpkh,bc1qnk4zh9qcnap2mycp56qjrgza3cc8ylrh8fecp0,sweep-funding-tx,high,Pays bc1qnk4zh9qcnap2mycp56qjrgza3cc8ylrh8fecp0 (the sole address that directly funded the named consolidation address bc1qq85v2c926eg6pgxhwp6q7lf6cnsz80qs3fcu9r within the target block range) and is itself confirmed inside that same block range.,"tools/onchain/trace_cluster.py (mempool.space API, live query)"
2ba75cdeed0b053a9c95b5a5dabaa1b7593b24ccff05c71f6a42c6f798321267,960191,000000000000000000003094b4c6bfd6caa47f12985b8b78a54c7524dd1bc606,2026-07-30T01:51:26+00:00,1,21617904,1,21614604,3300,30.137,v0_p2wpkh,v0_p2wpkh,bc1qnk4zh9qcnap2mycp56qjrgza3cc8ylrh8fecp0,sweep-funding-tx,high,Pays bc1qnk4zh9qcnap2mycp56qjrgza3cc8ylrh8fecp0 (the sole address that directly funded the named consolidation address bc1qq85v2c926eg6pgxhwp6q7lf6cnsz80qs3fcu9r within the target block range) and is itself confirmed inside that same block range.,"tools/onchain/trace_cluster.py (mempool.space API, live query)"
2c6e422b08e6353a7d5087d6e536fa0b5a77d4e259301e3d754b0ac9f5f0cc73,960191,000000000000000000003094b4c6bfd6caa47f12985b8b78a54c7524dd1bc606,2026-07-30T01:51:26+00:00,1,21005918,1,21002618,3300,30.206,v0_p2wpkh,v0_p2wpkh,bc1qnk4zh9qcnap2mycp56qjrgza3cc8ylrh8fecp0,sweep-funding-tx,high,Pays bc1qnk4zh9qcnap2mycp56qjrgza3cc8ylrh8fecp0 (the sole address that directly funded the named consolidation address bc1qq85v2c926eg6pgxhwp6q7lf6cnsz80qs3fcu9r within the target block range) and is itself confirmed inside that same block range.,"tools/onchain/trace_cluster.py (mempool.space API, live query)"
2fd98705f7e08b829b1c52de5a1791fbb7817c38e6ebc67179c201669cac52c1,960191,000000000000000000003094b4c6bfd6caa47f12985b8b78a54c7524dd1bc606,2026-07-30T01:51:26+00:00,1,17501000,1,17497700,3300,30.206,v0_p2wpkh,v0_p2wpkh,bc1qnk4zh9qcnap2mycp56qjrgza3cc8ylrh8fecp0,sweep-funding-tx,high,Pays bc1qnk4zh9qcnap2mycp56qjrgza3cc8ylrh8fecp0 (the sole address that directly funded the named consolidation address bc1qq85v2c926eg6pgxhwp6q7lf6cnsz80qs3fcu9r within the target block range) and is itself confirmed inside that same block range.,"tools/onchain/trace_cluster.py (mempool.space API, live query)"
3129527c97dd5647a2c756d1e64b33218e6f7ed3b9484ed1995f6e9e908126b8,960191,000000000000000000003094b4c6bfd6caa47f12985b8b78a54c7524dd1bc606,2026-07-30T01:51:26+00:00,1,20675500,1,20672200,3300,30.137,v0_p2wpkh,v0_p2wpkh,bc1qnk4zh9qcnap2mycp56qjrgza3cc8ylrh8fecp0,sweep-funding-tx,high,Pays bc1qnk4zh9qcnap2mycp56qjrgza3cc8ylrh8fecp0 (the sole address that directly funded the named consolidation address bc1qq85v2c926eg6pgxhwp6q7lf6cnsz80qs3fcu9r within the target block range) and is itself confirmed inside that same block range.,"tools/onchain/trace_cluster.py (mempool.space API, live query)"
3180b058de97ecc41aea0d7a72ad31a4b1275c377d462aac90ae4ab8ba054dc3,960191,000000000000000000003094b4c6bfd6caa47f12985b8b78a54c7524dd1bc606,2026-07-30T01:51:26+00:00,1,20592677,1,20589377,3300,30.137,v0_p2wpkh,v0_p2wpkh,bc1qnk4zh9qcnap2mycp56qjrgza3cc8ylrh8fecp0,sweep-funding-tx,high,Pays bc1qnk4zh9qcnap2mycp56qjrgza3cc8ylrh8fecp0 (the sole address that directly funded the named consolidation address bc1qq85v2c926eg6pgxhwp6q7lf6cnsz80qs3fcu9r within the target block range) and is itself confirmed inside that same block range.,"tools/onchain/trace_cluster.py (mempool.space API, live query)"
32607d527a3aafb0ae68167aee6a5d230be73366e384e78cdbabebfa9c6d3825,960191,000000000000000000003094b4c6bfd6caa47f12985b8b78a54c7524dd1bc606,2026-07-30T01:51:26+00:00,1,20161564,1,20158264,3300,30.206,v0_p2wpkh,v0_p2wpkh,bc1qnk4zh9qcnap2mycp56qjrgza3cc8ylrh8fecp0,sweep-funding-tx,high,Pays bc1qnk4zh9qcnap2mycp56qjrgza3cc8ylrh8fecp0 (the sole address that directly funded the named consolidation address bc1qq85v2c926eg6pgxhwp6q7lf6cnsz80qs3fcu9r within the target block range) and is itself confirmed inside that same block range.,"tools/onchain/trace_cluster.py (mempool.space API, live query)"
3313f54958ae56d3cfd60be739f6f04fad0f361a7965cfd41a3b83249833b773,960191,000000000000000000003094b4c6bfd6caa47f12985b8b78a54c7524dd1bc606,2026-07-30T01:51:26+00:00,1,25000000,1,24996700,3300,30.206,v0_p2wpkh,v0_p2wpkh,bc1qnk4zh9qcnap2mycp56qjrgza3cc8ylrh8fecp0,sweep-funding-tx,high,Pays bc1qnk4zh9qcnap2mycp56qjrgza3cc8ylrh8fecp0 (the sole address that directly funded the named consolidation address bc1qq85v2c926eg6pgxhwp6q7lf6cnsz80qs3fcu9r within the target block range) and is itself confirmed inside that same block range.,"tools/onchain/trace_cluster.py (mempool.space API, live query)"
34be1d55676cad2a122d9f24e815820e72c0164a1c3cd59d0838d72893cab911,960191,000000000000000000003094b4c6bfd6caa47f12985b8b78a54c7524dd1bc606,2026-07-30T01:51:26+00:00,1,17187157,1,17183857,3300,30.206,v0_p2wpkh,v0_p2wpkh,bc1qnk4zh9qcnap2mycp56qjrgza3cc8ylrh8fecp0,sweep-funding-tx,high,Pays bc1qnk4zh9qcnap2mycp56qjrgza3cc8ylrh8fecp0 (the sole address that directly funded the named consolidation address bc1qq85v2c926eg6pgxhwp6q7lf6cnsz80qs3fcu9r within the target block range) and is itself confirmed inside that same block range.,"tools/onchain/trace_cluster.py (mempool.space API, live query)"
35cebc4cd8a4ec65563f93a72ab201881923e2c27385526d3af7660a23543c01,960191,000000000000000000003094b4c6bfd6caa47f12985b8b78a54c7524dd1bc606,2026-07-30T01:51:26+00:00,1,15697987,1,15694687,3300,30.137,v0_p2wpkh,v0_p2wpkh,bc1qnk4zh9qcnap2mycp56qjrgza3cc8ylrh8fecp0,sweep-funding-tx,high,Pays bc1qnk4zh9qcnap2mycp56qjrgza3cc8ylrh8fecp0 (the sole address that directly funded the named consolidation address bc1qq85v2c926eg6pgxhwp6q7lf6cnsz80qs3fcu9r within the target block range) and is itself confirmed inside that same block range.,"tools/onchain/trace_cluster.py (mempool.space API, live query)"
376a0fe4428f7b2547712dc70ac7dc85a3de55ebb7c7ddc35cb0061763ad2e9a,960191,000000000000000000003094b4c6bfd6caa47f12985b8b78a54c7524dd1bc606,2026-07-30T01:51:26+00:00,1,18434567,1,18431267,3300,30.137,v0_p2wpkh,v0_p2wpkh,bc1qnk4zh9qcnap2mycp56qjrgza3cc8ylrh8fecp0,sweep-funding-tx,high,Pays bc1qnk4zh9qcnap2mycp56qjrgza3cc8ylrh8fecp0 (the sole address that directly funded the named consolidation address bc1qq85v2c926eg6pgxhwp6q7lf6cnsz80qs3fcu9r within the target block range) and is itself confirmed inside that same block range.,"tools/onchain/trace_cluster.py (mempool.space API, live query)"
3b53c32635cea355b24616a55f3d77995d7c71e3d23f3660f3c4379579524f38,960191,000000000000000000003094b4c6bfd6caa47f12985b8b78a54c7524dd1bc606,2026-07-30T01:51:26+00:00,1,21533944,1,21530644,3300,30.137,v0_p2wpkh,v0_p2wpkh,bc1qnk4zh9qcnap2mycp56qjrgza3cc8ylrh8fecp0,sweep-funding-tx,high,Pays bc1qnk4zh9qcnap2mycp56qjrgza3cc8ylrh8fecp0 (the sole address that directly funded the named consolidation address bc1qq85v2c926eg6pgxhwp6q7lf6cnsz80qs3fcu9r within the target block range) and is itself confirmed inside that same block range.,"tools/onchain/trace_cluster.py (mempool.space API, live query)"
3d9afbff12798144fb2bbcef5193b47d1f210761df545cb397e125141a3ba6c6,960191,000000000000000000003094b4c6bfd6caa47f12985b8b78a54c7524dd1bc606,2026-07-30T01:51:26+00:00,1,24993545,1,24990245,3300,30.206,v0_p2wpkh,v0_p2wpkh,bc1qnk4zh9qcnap2mycp56qjrgza3cc8ylrh8fecp0,sweep-funding-tx,high,Pays bc1qnk4zh9qcnap2mycp56qjrgza3cc8ylrh8fecp0 (the sole address that directly funded the named consolidation address bc1qq85v2c926eg6pgxhwp6q7lf6cnsz80qs3fcu9r within the target block range) and is itself confirmed inside that same block range.,"tools/onchain/trace_cluster.py (mempool.space API, live query)"
3dadecec04a62293d6ff06478d07e68dbae58b7c5879f3113a34dbfb02a2889a,960191,000000000000000000003094b4c6bfd6caa47f12985b8b78a54c7524dd1bc606,2026-07-30T01:51:26+00:00,1,25410000,1,25406700,3300,30.137,v0_p2wpkh,v0_p2wpkh,bc1qnk4zh9qcnap2mycp56qjrgza3cc8ylrh8fecp0,sweep-funding-tx,high,Pays bc1qnk4zh9qcnap2mycp56qjrgza3cc8ylrh8fecp0 (the sole address that directly funded the named consolidation address bc1qq85v2c926eg6pgxhwp6q7lf6cnsz80qs3fcu9r within the target block range) and is itself confirmed inside that same block range.,"tools/onchain/trace_cluster.py (mempool.space API, live query)"
3e8e4c649b2d5f54cd5a486a326cf0bb6fd7517f53a4445ef9d0e1d2d32a9320,960191,000000000000000000003094b4c6bfd6caa47f12985b8b78a54c7524dd1bc606,2026-07-30T01:51:26+00:00,1,16804362,1,16801062,3300,30.206,v0_p2wpkh,v0_p2wpkh,bc1qnk4zh9qcnap2mycp56qjrgza3cc8ylrh8fecp0,sweep-funding-tx,high,Pays bc1qnk4zh9qcnap2mycp56qjrgza3cc8ylrh8fecp0 (the sole address that directly funded the named consolidation address bc1qq85v2c926eg6pgxhwp6q7lf6cnsz80qs3fcu9r within the target block range) and is itself confirmed inside that same block range.,"tools/onchain/trace_cluster.py (mempool.space API, live query)"
3ec601f867d34468bb0ca4440cdaa3410ed1953bae648ca7b2f8b1ee94881a75,960191,000000000000000000003094b4c6bfd6caa47f12985b8b78a54c7524dd1bc606,2026-07-30T01:51:26+00:00,1,24998000,1,24994700,3300,30.206,v0_p2wpkh,v0_p2wpkh,bc1qnk4zh9qcnap2mycp56qjrgza3cc8ylrh8fecp0,sweep-funding-tx,high,Pays bc1qnk4zh9qcnap2mycp56qjrgza3cc8ylrh8fecp0 (the sole address that directly funded the named consolidation address bc1qq85v2c926eg6pgxhwp6q7lf6cnsz80qs3fcu9r within the target block range) and is itself confirmed inside that same block range.,"tools/onchain/trace_cluster.py (mempool.space API, live query)"
3f7d06279c6f73d3a8d0665cd1f6ef85b0a78fddc3ad5bfebaf37ed4bff1f202,960191,000000000000000000003094b4c6bfd6caa47f12985b8b78a54c7524dd1bc606,2026-07-30T01:51:26+00:00,1,18648971,1,18645671,3300,30.137,v0_p2wpkh,v0_p2wpkh,bc1qnk4zh9qcnap2mycp56qjrgza3cc8ylrh8fecp0,sweep-funding-tx,high,Pays bc1qnk4zh9qcnap2mycp56qjrgza3cc8ylrh8fecp0 (the sole address that directly funded the named consolidation address bc1qq85v2c926eg6pgxhwp6q7lf6cnsz80qs3fcu9r within the target block range) and is itself confirmed inside that same block range.,"tools/onchain/trace_cluster.py (mempool.space API, live query)"
41450b691a014c48c4a650adaaa2267172b57911cfea747c54cfe9ec247dd1f8,960191,000000000000000000003094b4c6bfd6caa47f12985b8b78a54c7524dd1bc606,2026-07-30T01:51:26+00:00,1,25289818,1,25286518,3300,30.137,v0_p2wpkh,v0_p2wpkh,bc1qnk4zh9qcnap2mycp56qjrgza3cc8ylrh8fecp0,sweep-funding-tx,high,Pays bc1qnk4zh9qcnap2mycp56qjrgza3cc8ylrh8fecp0 (the sole address that directly funded the named consolidation address bc1qq85v2c926eg6pgxhwp6q7lf6cnsz80qs3fcu9r within the target block range) and is itself confirmed inside that same block range.,"tools/onchain/trace_cluster.py (mempool.space API, live query)"
41662b662608effb61bd40bec5d269fd9f9a7411fc4f8b789c1ad1fbbe10cebd,960191,000000000000000000003094b4c6bfd6caa47f12985b8b78a54c7524dd1bc606,2026-07-30T01:51:26+00:00,1,22230497,1,22227197,3300,30.206,v0_p2wpkh,v0_p2wpkh,bc1qnk4zh9qcnap2mycp56qjrgza3cc8ylrh8fecp0,sweep-funding-tx,high,Pays bc1qnk4zh9qcnap2mycp56qjrgza3cc8ylrh8fecp0 (the sole address that directly funded the named consolidation address bc1qq85v2c926eg6pgxhwp6q7lf6cnsz80qs3fcu9r within the target block range) and is itself confirmed inside that same block range.,"tools/onchain/trace_cluster.py (mempool.space API, live query)"
420a7cdf9507ef6662dd50aa72db6ca64770f650dbf8aecd01447db8d6042b0e,960191,000000000000000000003094b4c6bfd6caa47f12985b8b78a54c7524dd1bc606,2026-07-30T01:51:26+00:00,1,21440957,1,21436967,3990,30.113,p2sh,v0_p2wpkh,bc1qnk4zh9qcnap2mycp56qjrgza3cc8ylrh8fecp0,sweep-funding-tx,high,Pays bc1qnk4zh9qcnap2mycp56qjrgza3cc8ylrh8fecp0 (the sole address that directly funded the named consolidation address bc1qq85v2c926eg6pgxhwp6q7lf6cnsz80qs3fcu9r within the target block range) and is itself confirmed inside that same block range.,"tools/onchain/trace_cluster.py (mempool.space API, live query)"
435a123b7b8ebdd2239fb485f6eeb00971981b068e88dc06a34d2392f3817514,960191,000000000000000000003094b4c6bfd6caa47f12985b8b78a54c7524dd1bc606,2026-07-30T01:51:26+00:00,1,24436409,1,24433109,3300,30.137,v0_p2wpkh,v0_p2wpkh,bc1qnk4zh9qcnap2mycp56qjrgza3cc8ylrh8fecp0,sweep-funding-tx,high,Pays bc1qnk4zh9qcnap2mycp56qjrgza3cc8ylrh8fecp0 (the sole address that directly funded the named consolidation address bc1qq85v2c926eg6pgxhwp6q7lf6cnsz80qs3fcu9r within the target block range) and is itself confirmed inside that same block range.,"tools/onchain/trace_cluster.py (mempool.space API, live query)"
45a1d0b378b3684f23161e995c4c963360342f565c7af9b9eae4d740681109a1,960191,000000000000000000003094b4c6bfd6caa47f12985b8b78a54c7524dd1bc606,2026-07-30T01:51:26+00:00,1,24999025,1,24995725,3300,30.137,v0_p2wpkh,v0_p2wpkh,bc1qnk4zh9qcnap2mycp56qjrgza3cc8ylrh8fecp0,sweep-funding-tx,high,Pays bc1qnk4zh9qcnap2mycp56qjrgza3cc8ylrh8fecp0 (the sole address that directly funded the named consolidation address bc1qq85v2c926eg6pgxhwp6q7lf6cnsz80qs3fcu9r within the target block range) and is itself confirmed inside that same block range.,"tools/onchain/trace_cluster.py (mempool.space API, live query)"
480f59eebf5831da1477f07620e9d32546f4f6fb4de240ebb4a9715c59fa92e3,960191,000000000000000000003094b4c6bfd6caa47f12985b8b78a54c7524dd1bc606,2026-07-30T01:51:26+00:00,1,20000000,1,19996700,3300,30.137,v0_p2wpkh,v0_p2wpkh,bc1qnk4zh9qcnap2mycp56qjrgza3cc8ylrh8fecp0,sweep-funding-tx,high,Pays bc1qnk4zh9qcnap2mycp56qjrgza3cc8ylrh8fecp0 (the sole address that directly funded the named consolidation address bc1qq85v2c926eg6pgxhwp6q7lf6cnsz80qs3fcu9r within the target block range) and is itself confirmed inside that same block range.,"tools/onchain/trace_cluster.py (mempool.space API, live query)"
48e4c8a920a07922817b1d5edcf012590469d63fa37454b960357ca94d0ad0b7,960191,000000000000000000003094b4c6bfd6caa47f12985b8b78a54c7524dd1bc606,2026-07-30T01:51:26+00:00,1,24000000,1,23996700,3300,30.206,v0_p2wpkh,v0_p2wpkh,bc1qnk4zh9qcnap2mycp56qjrgza3cc8ylrh8fecp0,sweep-funding-tx,high,Pays bc1qnk4zh9qcnap2mycp56qjrgza3cc8ylrh8fecp0 (the sole address that directly funded the named consolidation address bc1qq85v2c926eg6pgxhwp6q7lf6cnsz80qs3fcu9r within the target block range) and is itself confirmed inside that same block range.,"tools/onchain/trace_cluster.py (mempool.space API, live query)"
4c3e6236a697df97a77a2afe51a365cab27c0b5905b3e64b52f5252656db1567,960191,000000000000000000003094b4c6bfd6caa47f12985b8b78a54c7524dd1bc606,2026-07-30T01:51:26+00:00,1,21336362,1,21333062,3300,30.137,v0_p2wpkh,v0_p2wpkh,bc1qnk4zh9qcnap2mycp56qjrgza3cc8ylrh8fecp0,sweep-funding-tx,high,Pays bc1qnk4zh9qcnap2mycp56qjrgza3cc8ylrh8fecp0 (the sole address that directly funded the named consolidation address bc1qq85v2c926eg6pgxhwp6q7lf6cnsz80qs3fcu9r within the target block range) and is itself confirmed inside that same block range.,"tools/onchain/trace_cluster.py (mempool.space API, live query)"
52da9113c0402dc0444f06939e9a23576f471819bf45735cf1b69bff8f65dacb,960191,000000000000000000003094b4c6bfd6caa47f12985b8b78a54c7524dd1bc606,2026-07-30T01:51:26+00:00,1,25000000,1,24996700,3300,30.137,v0_p2wpkh,v0_p2wpkh,bc1qnk4zh9qcnap2mycp56qjrgza3cc8ylrh8fecp0,sweep-funding-tx,high,Pays bc1qnk4zh9qcnap2mycp56qjrgza3cc8ylrh8fecp0 (the sole address that directly funded the named consolidation address bc1qq85v2c926eg6pgxhwp6q7lf6cnsz80qs3fcu9r within the target block range) and is itself confirmed inside that same block range.,"tools/onchain/trace_cluster.py (mempool.space API, live query)"
5a531414cb95cb15a8215f3183d120fa60c121b939940cd48bf1e066f32ac5c3,960191,000000000000000000003094b4c6bfd6caa47f12985b8b78a54c7524dd1bc606,2026-07-30T01:51:26+00:00,1,24000000,1,23996700,3300,30.137,v0_p2wpkh,v0_p2wpkh,bc1qnk4zh9qcnap2mycp56qjrgza3cc8ylrh8fecp0,sweep-funding-tx,high,Pays bc1qnk4zh9qcnap2mycp56qjrgza3cc8ylrh8fecp0 (the sole address that directly funded the named consolidation address bc1qq85v2c926eg6pgxhwp6q7lf6cnsz80qs3fcu9r within the target block range) and is itself confirmed inside that same block range.,"tools/onchain/trace_cluster.py (mempool.space API, live query)"
5cd9dcce3ba37ca01c78eb96d39b1c8c3bbe792d0c687701cafa63b364ee5029,960191,000000000000000000003094b4c6bfd6caa47f12985b8b78a54c7524dd1bc606,2026-07-30T01:51:26+00:00,1,19097475,1,19094175,3300,30.206,v0_p2wpkh,v0_p2wpkh,bc1qnk4zh9qcnap2mycp56qjrgza3cc8ylrh8fecp0,sweep-funding-tx,high,Pays bc1qnk4zh9qcnap2mycp56qjrgza3cc8ylrh8fecp0 (the sole address that directly funded the named consolidation address bc1qq85v2c926eg6pgxhwp6q7lf6cnsz80qs3fcu9r within the target block range) and is itself confirmed inside that same block range.,"tools/onchain/trace_cluster.py (mempool.space API, live query)"
5fa2e8c54f39bda1ed64643ab29f85acb9021d32f3430e97105b45454c0f6554,960191,000000000000000000003094b4c6bfd6caa47f12985b8b78a54c7524dd1bc606,2026-07-30T01:51:26+00:00,1,24000000,1,23996700,3300,30.137,v0_p2wpkh,v0_p2wpkh,bc1qnk4zh9qcnap2mycp56qjrgza3cc8ylrh8fecp0,sweep-funding-tx,high,Pays bc1qnk4zh9qcnap2mycp56qjrgza3cc8ylrh8fecp0 (the sole address that directly funded the named consolidation address bc1qq85v2c926eg6pgxhwp6q7lf6cnsz80qs3fcu9r within the target block range) and is itself confirmed inside that same block range.,"tools/onchain/trace_cluster.py (mempool.space API, live query)"
60397a8a5aa9e3fc59ae073f94e5edc9bb47abf01500ef4c21bda5a3ec975842,960191,000000000000000000003094b4c6bfd6caa47f12985b8b78a54c7524dd1bc606,2026-07-30T01:51:26+00:00,1,15867361,1,15864061,3300,30.206,v0_p2wpkh,v0_p2wpkh,bc1qnk4zh9qcnap2mycp56qjrgza3cc8ylrh8fecp0,sweep-funding-tx,high,Pays bc1qnk4zh9qcnap2mycp56qjrgza3cc8ylrh8fecp0 (the sole address that directly funded the named consolidation address bc1qq85v2c926eg6pgxhwp6q7lf6cnsz80qs3fcu9r within the target block range) and is itself confirmed inside that same block range.,"tools/onchain/trace_cluster.py (mempool.space API, live query)"
603ecd05063b6051c402952e562e4d4e462d284925fc7828c2f7602717ef57e5,960191,000000000000000000003094b4c6bfd6caa47f12985b8b78a54c7524dd1bc606,2026-07-30T01:51:26+00:00,1,20763124,1,20759824,3300,30.206,v0_p2wpkh,v0_p2wpkh,bc1qnk4zh9qcnap2mycp56qjrgza3cc8ylrh8fecp0,sweep-funding-tx,high,Pays bc1qnk4zh9qcnap2mycp56qjrgza3cc8ylrh8fecp0 (the sole address that directly funded the named consolidation address bc1qq85v2c926eg6pgxhwp6q7lf6cnsz80qs3fcu9r within the target block range) and is itself confirmed inside that same block range.,"tools/onchain/trace_cluster.py (mempool.space API, live query)"
6214b9949bde72f6476d9a1a42528189fc2fa8a5b870bc2f113a32effee54c3c,960191,000000000000000000003094b4c6bfd6caa47f12985b8b78a54c7524dd1bc606,2026-07-30T01:51:26+00:00,1,23702831,1,23699531,3300,30.137,v0_p2wpkh,v0_p2wpkh,bc1qnk4zh9qcnap2mycp56qjrgza3cc8ylrh8fecp0,sweep-funding-tx,high,Pays bc1qnk4zh9qcnap2mycp56qjrgza3cc8ylrh8fecp0 (the sole address that directly funded the named consolidation address bc1qq85v2c926eg6pgxhwp6q7lf6cnsz80qs3fcu9r within the target block range) and is itself confirmed inside that same block range.,"tools/onchain/trace_cluster.py (mempool.space API, live query)"
63bca7b9a1f50c8487f18f56e7c5e71bbb4bd008a81fa0bea0cee59ac545abfa,960191,000000000000000000003094b4c6bfd6caa47f12985b8b78a54c7524dd1bc606,2026-07-30T01:51:26+00:00,1,21533309,1,21530009,3300,30.206,v0_p2wpkh,v0_p2wpkh,bc1qnk4zh9qcnap2mycp56qjrgza3cc8ylrh8fecp0,sweep-funding-tx,high,Pays bc1qnk4zh9qcnap2mycp56qjrgza3cc8ylrh8fecp0 (the sole address that directly funded the named consolidation address bc1qq85v2c926eg6pgxhwp6q7lf6cnsz80qs3fcu9r within the target block range) and is itself confirmed inside that same block range.,"tools/onchain/trace_cluster.py (mempool.space API, live query)"
6690715c13efbe944adf8669f379b31937c1d4535c751b900748725f8d577b50,960191,000000000000000000003094b4c6bfd6caa47f12985b8b78a54c7524dd1bc606,2026-07-30T01:51:26+00:00,1,21752300,1,21749000,3300,30.206,v0_p2wpkh,v0_p2wpkh,bc1qnk4zh9qcnap2mycp56qjrgza3cc8ylrh8fecp0,sweep-funding-tx,high,Pays bc1qnk4zh9qcnap2mycp56qjrgza3cc8ylrh8fecp0 (the sole address that directly funded the named consolidation address bc1qq85v2c926eg6pgxhwp6q7lf6cnsz80qs3fcu9r within the target block range) and is itself confirmed inside that same block range.,"tools/onchain/trace_cluster.py (mempool.space API, live query)"
67d6ad1b48ff7a21198be6b9776279d663521cdfa45e60b96eefefe94d79abf1,960191,000000000000000000003094b4c6bfd6caa47f12985b8b78a54c7524dd1bc606,2026-07-30T01:51:26+00:00,11,16341529,1,16317829,23700,30.076,v0_p2wpkh,v0_p2wpkh,bc1qnk4zh9qcnap2mycp56qjrgza3cc8ylrh8fecp0,sweep-funding-tx,high,Pays bc1qnk4zh9qcnap2mycp56qjrgza3cc8ylrh8fecp0 (the sole address that directly funded the named consolidation address bc1qq85v2c926eg6pgxhwp6q7lf6cnsz80qs3fcu9r within the target block range) and is itself confirmed inside that same block range.,"tools/onchain/trace_cluster.py (mempool.space API, live query)"
687cd7be3df9171cdaa9f056c1d58acad831773ceba57bb3d5f2e09037e39679,960191,000000000000000000003094b4c6bfd6caa47f12985b8b78a54c7524dd1bc606,2026-07-30T01:51:26+00:00,1,21822715,1,21819415,3300,30.206,v0_p2wpkh,v0_p2wpkh,bc1qnk4zh9qcnap2mycp56qjrgza3cc8ylrh8fecp0,sweep-funding-tx,high,Pays bc1qnk4zh9qcnap2mycp56qjrgza3cc8ylrh8fecp0 (the sole address that directly funded the named consolidation address bc1qq85v2c926eg6pgxhwp6q7lf6cnsz80qs3fcu9r within the target block range) and is itself confirmed inside that same block range.,"tools/onchain/trace_cluster.py (mempool.space API, live query)"
69e67b8b9749caccc70cbb82c051b9d333bd454f7ba54a35ddab9c16aee008fe,960191,000000000000000000003094b4c6bfd6caa47f12985b8b78a54c7524dd1bc606,2026-07-30T01:51:26+00:00,1,15058896,1,15055596,3300,30.137,v0_p2wpkh,v0_p2wpkh,bc1qnk4zh9qcnap2mycp56qjrgza3cc8ylrh8fecp0,sweep-funding-tx,high,Pays bc1qnk4zh9qcnap2mycp56qjrgza3cc8ylrh8fecp0 (the sole address that directly funded the named consolidation address bc1qq85v2c926eg6pgxhwp6q7lf6cnsz80qs3fcu9r within the target block range) and is itself confirmed inside that same block range.,"tools/onchain/trace_cluster.py (mempool.space API, live query)"
71538248b115e4e76127910e1435a1c17b469f61eaf55e01ab8acbafb494726f,960191,000000000000000000003094b4c6bfd6caa47f12985b8b78a54c7524dd1bc606,2026-07-30T01:51:26+00:00,1,20832532,1,20829232,3300,30.206,v0_p2wpkh,v0_p2wpkh,bc1qnk4zh9qcnap2mycp56qjrgza3cc8ylrh8fecp0,sweep-funding-tx,high,Pays bc1qnk4zh9qcnap2mycp56qjrgza3cc8ylrh8fecp0 (the sole address that directly funded the named consolidation address bc1qq85v2c926eg6pgxhwp6q7lf6cnsz80qs3fcu9r within the target block range) and is itself confirmed inside that same block range.,"tools/onchain/trace_cluster.py (mempool.space API, live query)"
71f4cc846ba13947c0dad2b41718f72bd2e98cd2d98772dc0ae4d49c986b3938,960191,000000000000000000003094b4c6bfd6caa47f12985b8b78a54c7524dd1bc606,2026-07-30T01:51:26+00:00,2,17421805,1,17416465,5340,30.169,v0_p2wpkh,v0_p2wpkh,bc1qnk4zh9qcnap2mycp56qjrgza3cc8ylrh8fecp0,sweep-funding-tx,high,Pays bc1qnk4zh9qcnap2mycp56qjrgza3cc8ylrh8fecp0 (the sole address that directly funded the named consolidation address bc1qq85v2c926eg6pgxhwp6q7lf6cnsz80qs3fcu9r within the target block range) and is itself confirmed inside that same block range.,"tools/onchain/trace_cluster.py (mempool.space API, live query)"
72e4106cf5741b10822609eeddd104f81498cf4cd06b251b8cd14996a716482a,960191,000000000000000000003094b4c6bfd6caa47f12985b8b78a54c7524dd1bc606,2026-07-30T01:51:26+00:00,1,19420175,1,19416875,3300,30.137,v0_p2wpkh,v0_p2wpkh,bc1qnk4zh9qcnap2mycp56qjrgza3cc8ylrh8fecp0,sweep-funding-tx,high,Pays bc1qnk4zh9qcnap2mycp56qjrgza3cc8ylrh8fecp0 (the sole address that directly funded the named consolidation address bc1qq85v2c926eg6pgxhwp6q7lf6cnsz80qs3fcu9r within the target block range) and is itself confirmed inside that same block range.,"tools/onchain/trace_cluster.py (mempool.space API, live query)"
73d15092335cb6a055a1c76653f287fd37ecc93d1ea31e92563d45051c05c67a,960191,000000000000000000003094b4c6bfd6caa47f12985b8b78a54c7524dd1bc606,2026-07-30T01:51:26+00:00,1,15612974,1,15609674,3300,30.137,v0_p2wpkh,v0_p2wpkh,bc1qnk4zh9qcnap2mycp56qjrgza3cc8ylrh8fecp0,sweep-funding-tx,high,Pays bc1qnk4zh9qcnap2mycp56qjrgza3cc8ylrh8fecp0 (the sole address that directly funded the named consolidation address bc1qq85v2c926eg6pgxhwp6q7lf6cnsz80qs3fcu9r within the target block range) and is itself confirmed inside that same block range.,"tools/onchain/trace_cluster.py (mempool.space API, live query)"
764291439bad7fb58cfcc3ac5e5b4436a5b5c8ca2b45e565c35d5f102876ca38,960191,000000000000000000003094b4c6bfd6caa47f12985b8b78a54c7524dd1bc606,2026-07-30T01:51:26+00:00,1,25382527,1,25379227,3300,30.137,v0_p2wpkh,v0_p2wpkh,bc1qnk4zh9qcnap2mycp56qjrgza3cc8ylrh8fecp0,sweep-funding-tx,high,Pays bc1qnk4zh9qcnap2mycp56qjrgza3cc8ylrh8fecp0 (the sole address that directly funded the named consolidation address bc1qq85v2c926eg6pgxhwp6q7lf6cnsz80qs3fcu9r within the target block range) and is itself confirmed inside that same block range.,"tools/onchain/trace_cluster.py (mempool.space API, live query)"
76aa9fc421c641cc099c9430183e2af420dfd2f50f8e9354436b512d85d42317,960191,000000000000000000003094b4c6bfd6caa47f12985b8b78a54c7524dd1bc606,2026-07-30T01:51:26+00:00,1,18435000,1,18431700,3300,30.137,v0_p2wpkh,v0_p2wpkh,bc1qnk4zh9qcnap2mycp56qjrgza3cc8ylrh8fecp0,sweep-funding-tx,high,Pays bc1qnk4zh9qcnap2mycp56qjrgza3cc8ylrh8fecp0 (the sole address that directly funded the named consolidation address bc1qq85v2c926eg6pgxhwp6q7lf6cnsz80qs3fcu9r within the target block range) and is itself confirmed inside that same block range.,"tools/onchain/trace_cluster.py (mempool.space API, live query)"
76bf7fb3e0e4cf45aa6f78f730e6fde5389aeea1a0d4fe0b025043b64e038b5b,960191,000000000000000000003094b4c6bfd6caa47f12985b8b78a54c7524dd1bc606,2026-07-30T01:51:26+00:00,1,15800000,1,15796700,3300,30.137,v0_p2wpkh,v0_p2wpkh,bc1qnk4zh9qcnap2mycp56qjrgza3cc8ylrh8fecp0,sweep-funding-tx,high,Pays bc1qnk4zh9qcnap2mycp56qjrgza3cc8ylrh8fecp0 (the sole address that directly funded the named consolidation address bc1qq85v2c926eg6pgxhwp6q7lf6cnsz80qs3fcu9r within the target block range) and is itself confirmed inside that same block range.,"tools/onchain/trace_cluster.py (mempool.space API, live query)"
77a861b81f08e37b747045e119129caaa8810224792816b0c963e63581ec5c9a,960191,000000000000000000003094b4c6bfd6caa47f12985b8b78a54c7524dd1bc606,2026-07-30T01:51:26+00:00,1,24000000,1,23996700,3300,30.206,v0_p2wpkh,v0_p2wpkh,bc1qnk4zh9qcnap2mycp56qjrgza3cc8ylrh8fecp0,sweep-funding-tx,high,Pays bc1qnk4zh9qcnap2mycp56qjrgza3cc8ylrh8fecp0 (the sole address that directly funded the named consolidation address bc1qq85v2c926eg6pgxhwp6q7lf6cnsz80qs3fcu9r within the target block range) and is itself confirmed inside that same block range.,"tools/onchain/trace_cluster.py (mempool.space API, live query)"
77dd072ac8652182095da52da22b2ad66b5e1606a4489730f12eb280e9550ce0,960191,000000000000000000003094b4c6bfd6caa47f12985b8b78a54c7524dd1bc606,2026-07-30T01:51:26+00:00,1,21677233,1,21673933,3300,30.206,v0_p2wpkh,v0_p2wpkh,bc1qnk4zh9qcnap2mycp56qjrgza3cc8ylrh8fecp0,sweep-funding-tx,high,Pays bc1qnk4zh9qcnap2mycp56qjrgza3cc8ylrh8fecp0 (the sole address that directly funded the named consolidation address bc1qq85v2c926eg6pgxhwp6q7lf6cnsz80qs3fcu9r within the target block range) and is itself confirmed inside that same block range.,"tools/onchain/trace_cluster.py (mempool.space API, live query)"
77e54f47ebab85bff5b52c5ddbcc684c252ff0ab1fd4779753159a7c9a620a19,960191,000000000000000000003094b4c6bfd6caa47f12985b8b78a54c7524dd1bc606,2026-07-30T01:51:26+00:00,1,23840000,1,23836700,3300,30.206,v0_p2wpkh,v0_p2wpkh,bc1qnk4zh9qcnap2mycp56qjrgza3cc8ylrh8fecp0,sweep-funding-tx,high,Pays bc1qnk4zh9qcnap2mycp56qjrgza3cc8ylrh8fecp0 (the sole address that directly funded the named consolidation address bc1qq85v2c926eg6pgxhwp6q7lf6cnsz80qs3fcu9r within the target block range) and is itself confirmed inside that same block range.,"tools/onchain/trace_cluster.py (mempool.space API, live query)"
78bff14b679a51e4aeddd615034c52e2aecf6994c0bc2aec6143f2a959bab10b,960191,000000000000000000003094b4c6bfd6caa47f12985b8b78a54c7524dd1bc606,2026-07-30T01:51:26+00:00,1,18218962,1,18215662,3300,30.137,v0_p2wpkh,v0_p2wpkh,bc1qnk4zh9qcnap2mycp56qjrgza3cc8ylrh8fecp0,sweep-funding-tx,high,Pays bc1qnk4zh9qcnap2mycp56qjrgza3cc8ylrh8fecp0 (the sole address that directly funded the named consolidation address bc1qq85v2c926eg6pgxhwp6q7lf6cnsz80qs3fcu9r within the target block range) and is itself confirmed inside that same block range.,"tools/onchain/trace_cluster.py (mempool.space API, live query)"
79e0d3122dc8c873177cdfd069db0f8be0906951e9030e0226b558449de7772a,960191,000000000000000000003094b4c6bfd6caa47f12985b8b78a54c7524dd1bc606,2026-07-30T01:51:26+00:00,4,18338038,1,18328618,9420,30.096,v0_p2wpkh,v0_p2wpkh,bc1qnk4zh9qcnap2mycp56qjrgza3cc8ylrh8fecp0,sweep-funding-tx,high,Pays bc1qnk4zh9qcnap2mycp56qjrgza3cc8ylrh8fecp0 (the sole address that directly funded the named consolidation address bc1qq85v2c926eg6pgxhwp6q7lf6cnsz80qs3fcu9r within the target block range) and is itself confirmed inside that same block range.,"tools/onchain/trace_cluster.py (mempool.space API, live query)"
7d51cdd813c74670ebd0594f4c0be5af6f3fb937a51cd9cdadc78f1b743b7bfa,960191,000000000000000000003094b4c6bfd6caa47f12985b8b78a54c7524dd1bc606,2026-07-30T01:51:26+00:00,1,18721000,1,18717700,3300,30.137,v0_p2wpkh,v0_p2wpkh,bc1qnk4zh9qcnap2mycp56qjrgza3cc8ylrh8fecp0,sweep-funding-tx,high,Pays bc1qnk4zh9qcnap2mycp56qjrgza3cc8ylrh8fecp0 (the sole address that directly funded the named consolidation address bc1qq85v2c926eg6pgxhwp6q7lf6cnsz80qs3fcu9r within the target block range) and is itself confirmed inside that same block range.,"tools/onchain/trace_cluster.py (mempool.space API, live query)"
7d69358aa0b9f72e536101c0c66d52e909ceffed19685fdcfb1b5f8d9bc10824,960191,000000000000000000003094b4c6bfd6caa47f12985b8b78a54c7524dd1bc606,2026-07-30T01:51:26+00:00,1,23979986,1,23976686,3300,30.206,v0_p2wpkh,v0_p2wpkh,bc1qnk4zh9qcnap2mycp56qjrgza3cc8ylrh8fecp0,sweep-funding-tx,high,Pays bc1qnk4zh9qcnap2mycp56qjrgza3cc8ylrh8fecp0 (the sole address that directly funded the named consolidation address bc1qq85v2c926eg6pgxhwp6q7lf6cnsz80qs3fcu9r within the target block range) and is itself confirmed inside that same block range.,"tools/onchain/trace_cluster.py (mempool.space API, live query)"
7d99b3289df4ebfa074b5d6f78ae37f8b166433a49c90ae75507f54b1d15d9f1,960191,000000000000000000003094b4c6bfd6caa47f12985b8b78a54c7524dd1bc606,2026-07-30T01:51:26+00:00,1,21535528,1,21532228,3300,30.206,v0_p2wpkh,v0_p2wpkh,bc1qnk4zh9qcnap2mycp56qjrgza3cc8ylrh8fecp0,sweep-funding-tx,high,Pays bc1qnk4zh9qcnap2mycp56qjrgza3cc8ylrh8fecp0 (the sole address that directly funded the named consolidation address bc1qq85v2c926eg6pgxhwp6q7lf6cnsz80qs3fcu9r within the target block range) and is itself confirmed inside that same block range.,"tools/onchain/trace_cluster.py (mempool.space API, live query)"
7eb429e2acb771c28059ac039b6a1fb3c98331f5a3e8c78ec6855f46dcb9f068,960191,000000000000000000003094b4c6bfd6caa47f12985b8b78a54c7524dd1bc606,2026-07-30T01:51:26+00:00,1,18594767,1,18591467,3300,30.137,v0_p2wpkh,v0_p2wpkh,bc1qnk4zh9qcnap2mycp56qjrgza3cc8ylrh8fecp0,sweep-funding-tx,high,Pays bc1qnk4zh9qcnap2mycp56qjrgza3cc8ylrh8fecp0 (the sole address that directly funded the named consolidation address bc1qq85v2c926eg6pgxhwp6q7lf6cnsz80qs3fcu9r within the target block range) and is itself confirmed inside that same block range.,"tools/onchain/trace_cluster.py (mempool.space API, live query)"
801427ef8242353f8ad1e4866f2a803ddf1e91cfab28b096cd93730b9f012016,960191,000000000000000000003094b4c6bfd6caa47f12985b8b78a54c7524dd1bc606,2026-07-30T01:51:26+00:00,1,21318800,1,21315500,3300,30.137,v0_p2wpkh,v0_p2wpkh,bc1qnk4zh9qcnap2mycp56qjrgza3cc8ylrh8fecp0,sweep-funding-tx,high,Pays bc1qnk4zh9qcnap2mycp56qjrgza3cc8ylrh8fecp0 (the sole address that directly funded the named consolidation address bc1qq85v2c926eg6pgxhwp6q7lf6cnsz80qs3fcu9r within the target block range) and is itself confirmed inside that same block range.,"tools/onchain/trace_cluster.py (mempool.space API, live query)"
878749aac5572140973f25463d20707f59b3e3943def2bc59940bbf5e4bd8407,960191,000000000000000000003094b4c6bfd6caa47f12985b8b78a54c7524dd1bc606,2026-07-30T01:51:26+00:00,1,18797132,1,18793832,3300,30.206,v0_p2wpkh,v0_p2wpkh,bc1qnk4zh9qcnap2mycp56qjrgza3cc8ylrh8fecp0,sweep-funding-tx,high,Pays bc1qnk4zh9qcnap2mycp56qjrgza3cc8ylrh8fecp0 (the sole address that directly funded the named consolidation address bc1qq85v2c926eg6pgxhwp6q7lf6cnsz80qs3fcu9r within the target block range) and is itself confirmed inside that same block range.,"tools/onchain/trace_cluster.py (mempool.space API, live query)"
892837af3cf78af221b93e1b5e3cd80773a9cbbcae68b2a691bfce979c356db3,960191,000000000000000000003094b4c6bfd6caa47f12985b8b78a54c7524dd1bc606,2026-07-30T01:51:26+00:00,1,16078070,1,16074770,3300,30.137,v0_p2wpkh,v0_p2wpkh,bc1qnk4zh9qcnap2mycp56qjrgza3cc8ylrh8fecp0,sweep-funding-tx,high,Pays bc1qnk4zh9qcnap2mycp56qjrgza3cc8ylrh8fecp0 (the sole address that directly funded the named consolidation address bc1qq85v2c926eg6pgxhwp6q7lf6cnsz80qs3fcu9r within the target block range) and is itself confirmed inside that same block range.,"tools/onchain/trace_cluster.py (mempool.space API, live query)"
8bf63880ba4182b4270c18b8d345935e069e1188c11786c9b4d14fbf051b7472,960191,000000000000000000003094b4c6bfd6caa47f12985b8b78a54c7524dd1bc606,2026-07-30T01:51:26+00:00,1,21534371,1,21530381,3990,30.17,p2sh,v0_p2wpkh,bc1qnk4zh9qcnap2mycp56qjrgza3cc8ylrh8fecp0,sweep-funding-tx,high,Pays bc1qnk4zh9qcnap2mycp56qjrgza3cc8ylrh8fecp0 (the sole address that directly funded the named consolidation address bc1qq85v2c926eg6pgxhwp6q7lf6cnsz80qs3fcu9r within the target block range) and is itself confirmed inside that same block range.,"tools/onchain/trace_cluster.py (mempool.space API, live query)"
8d63507b3f74a21e3fb3ac67489105898d8ab32eda200903467e32529b25a629,960191,000000000000000000003094b4c6bfd6caa47f12985b8b78a54c7524dd1bc606,2026-07-30T01:51:26+00:00,1,16204573,1,16201273,3300,30.206,v0_p2wpkh,v0_p2wpkh,bc1qnk4zh9qcnap2mycp56qjrgza3cc8ylrh8fecp0,sweep-funding-tx,high,Pays bc1qnk4zh9qcnap2mycp56qjrgza3cc8ylrh8fecp0 (the sole address that directly funded the named consolidation address bc1qq85v2c926eg6pgxhwp6q7lf6cnsz80qs3fcu9r within the target block range) and is itself confirmed inside that same block range.,"tools/onchain/trace_cluster.py (mempool.space API, live query)"
8dfe41982fe3aac01bbd3a1ca997ade0822fc5098f4d6a7ecf2d4c60ac5baa72,960191,000000000000000000003094b4c6bfd6caa47f12985b8b78a54c7524dd1bc606,2026-07-30T01:51:26+00:00,1,24863316,1,24860016,3300,30.206,v0_p2wpkh,v0_p2wpkh,bc1qnk4zh9qcnap2mycp56qjrgza3cc8ylrh8fecp0,sweep-funding-tx,high,Pays bc1qnk4zh9qcnap2mycp56qjrgza3cc8ylrh8fecp0 (the sole address that directly funded the named consolidation address bc1qq85v2c926eg6pgxhwp6q7lf6cnsz80qs3fcu9r within the target block range) and is itself confirmed inside that same block range.,"tools/onchain/trace_cluster.py (mempool.space API, live query)"
8ef3ee70dc9557247203a39099cbf9c639d51324741d584a22437c5d612c1f9b,960191,000000000000000000003094b4c6bfd6caa47f12985b8b78a54c7524dd1bc606,2026-07-30T01:51:26+00:00,1,25000000,1,24996700,3300,30.137,v0_p2wpkh,v0_p2wpkh,bc1qnk4zh9qcnap2mycp56qjrgza3cc8ylrh8fecp0,sweep-funding-tx,high,Pays bc1qnk4zh9qcnap2mycp56qjrgza3cc8ylrh8fecp0 (the sole address that directly funded the named consolidation address bc1qq85v2c926eg6pgxhwp6q7lf6cnsz80qs3fcu9r within the target block range) and is itself confirmed inside that same block range.,"tools/onchain/trace_cluster.py (mempool.space API, live query)"
8f99b2438b1d0950846f0b0e58447dd53ae1b33bacf36c78ad4ee2a33ba48baf,960191,000000000000000000003094b4c6bfd6caa47f12985b8b78a54c7524dd1bc606,2026-07-30T01:51:26+00:00,1,16502558,1,16499258,3300,30.206,v0_p2wpkh,v0_p2wpkh,bc1qnk4zh9qcnap2mycp56qjrgza3cc8ylrh8fecp0,sweep-funding-tx,high,Pays bc1qnk4zh9qcnap2mycp56qjrgza3cc8ylrh8fecp0 (the sole address that directly funded the named consolidation address bc1qq85v2c926eg6pgxhwp6q7lf6cnsz80qs3fcu9r within the target block range) and is itself confirmed inside that same block range.,"tools/onchain/trace_cluster.py (mempool.space API, live query)"
92b7734ca210cec82f41710dbeb6b9d27b5d03de6d02d2c01902b350daf1755d,960191,000000000000000000003094b4c6bfd6caa47f12985b8b78a54c7524dd1bc606,2026-07-30T01:51:26+00:00,1,21024422,1,21021122,3300,30.206,v0_p2wpkh,v0_p2wpkh,bc1qnk4zh9qcnap2mycp56qjrgza3cc8ylrh8fecp0,sweep-funding-tx,high,Pays bc1qnk4zh9qcnap2mycp56qjrgza3cc8ylrh8fecp0 (the sole address that directly funded the named consolidation address bc1qq85v2c926eg6pgxhwp6q7lf6cnsz80qs3fcu9r within the target block range) and is itself confirmed inside that same block range.,"tools/onchain/trace_cluster.py (mempool.space API, live query)"
9336bf83bf88d43f5cdb4312fbce00f21517375606584ba57ba02b6286c5c9c7,960191,000000000000000000003094b4c6bfd6caa47f12985b8b78a54c7524dd1bc606,2026-07-30T01:51:26+00:00,1,15422585,1,15419285,3300,30.206,v0_p2wpkh,v0_p2wpkh,bc1qnk4zh9qcnap2mycp56qjrgza3cc8ylrh8fecp0,sweep-funding-tx,high,Pays bc1qnk4zh9qcnap2mycp56qjrgza3cc8ylrh8fecp0 (the sole address that directly funded the named consolidation address bc1qq85v2c926eg6pgxhwp6q7lf6cnsz80qs3fcu9r within the target block range) and is itself confirmed inside that same block range.,"tools/onchain/trace_cluster.py (mempool.space API, live query)"
93e6b606047636e1bf70a655d382c1b96ee9563c2c7cdcb74753a42ea8dd1ebe,960191,000000000000000000003094b4c6bfd6caa47f12985b8b78a54c7524dd1bc606,2026-07-30T01:51:26+00:00,2,16417000,1,16411660,5340,30.169,v0_p2wpkh,v0_p2wpkh,bc1qnk4zh9qcnap2mycp56qjrgza3cc8ylrh8fecp0,sweep-funding-tx,high,Pays bc1qnk4zh9qcnap2mycp56qjrgza3cc8ylrh8fecp0 (the sole address that directly funded the named consolidation address bc1qq85v2c926eg6pgxhwp6q7lf6cnsz80qs3fcu9r within the target block range) and is itself confirmed inside that same block range.,"tools/onchain/trace_cluster.py (mempool.space API, live query)"
95954793cd47b97ea004043949b8ab5220bd643bcf34b162c385579eef1e4cab,960191,000000000000000000003094b4c6bfd6caa47f12985b8b78a54c7524dd1bc606,2026-07-30T01:51:26+00:00,1,15500000,1,15496700,3300,30.137,v0_p2wpkh,v0_p2wpkh,bc1qnk4zh9qcnap2mycp56qjrgza3cc8ylrh8fecp0,sweep-funding-tx,high,Pays bc1qnk4zh9qcnap2mycp56qjrgza3cc8ylrh8fecp0 (the sole address that directly funded the named consolidation address bc1qq85v2c926eg6pgxhwp6q7lf6cnsz80qs3fcu9r within the target block range) and is itself confirmed inside that same block range.,"tools/onchain/trace_cluster.py (mempool.space API, live query)"
963f4bffe1f76c64a31c5a08cf440c58d0ae9ef5b6887fc3956ac25a9130405c,960191,000000000000000000003094b4c6bfd6caa47f12985b8b78a54c7524dd1bc606,2026-07-30T01:51:26+00:00,1,17867123,1,17863823,3300,30.137,v0_p2wpkh,v0_p2wpkh,bc1qnk4zh9qcnap2mycp56qjrgza3cc8ylrh8fecp0,sweep-funding-tx,high,Pays bc1qnk4zh9qcnap2mycp56qjrgza3cc8ylrh8fecp0 (the sole address that directly funded the named consolidation address bc1qq85v2c926eg6pgxhwp6q7lf6cnsz80qs3fcu9r within the target block range) and is itself confirmed inside that same block range.,"tools/onchain/trace_cluster.py (mempool.space API, live query)"
97a82713ffa6304eb943b6f0a4b2c3c4f12e35ffbba04ce5df4f46462c04fb30,960191,000000000000000000003094b4c6bfd6caa47f12985b8b78a54c7524dd1bc606,2026-07-30T01:51:26+00:00,1,21550000,1,21546700,3300,30.206,v0_p2wpkh,v0_p2wpkh,bc1qnk4zh9qcnap2mycp56qjrgza3cc8ylrh8fecp0,sweep-funding-tx,high,Pays bc1qnk4zh9qcnap2mycp56qjrgza3cc8ylrh8fecp0 (the sole address that directly funded the named consolidation address bc1qq85v2c926eg6pgxhwp6q7lf6cnsz80qs3fcu9r within the target block range) and is itself confirmed inside that same block range.,"tools/onchain/trace_cluster.py (mempool.space API, live query)"
97b26f4981a702fadb91736d27b119686379082658152b23d98b8f1a6803d4d6,960191,000000000000000000003094b4c6bfd6caa47f12985b8b78a54c7524dd1bc606,2026-07-30T01:51:26+00:00,1,21024802,1,21021502,3300,30.206,v0_p2wpkh,v0_p2wpkh,bc1qnk4zh9qcnap2mycp56qjrgza3cc8ylrh8fecp0,sweep-funding-tx,high,Pays bc1qnk4zh9qcnap2mycp56qjrgza3cc8ylrh8fecp0 (the sole address that directly funded the named consolidation address bc1qq85v2c926eg6pgxhwp6q7lf6cnsz80qs3fcu9r within the target block range) and is itself confirmed inside that same block range.,"tools/onchain/trace_cluster.py (mempool.space API, live query)"
9877f56874ae12740b32e2e3acf6d986c53f1e3fad4f942ad7612ca8c1421148,960191,000000000000000000003094b4c6bfd6caa47f12985b8b78a54c7524dd1bc606,2026-07-30T01:51:26+00:00,1,15681283,1,15677983,3300,30.206,v0_p2wpkh,v0_p2wpkh,bc1qnk4zh9qcnap2mycp56qjrgza3cc8ylrh8fecp0,sweep-funding-tx,high,Pays bc1qnk4zh9qcnap2mycp56qjrgza3cc8ylrh8fecp0 (the sole address that directly funded the named consolidation address bc1qq85v2c926eg6pgxhwp6q7lf6cnsz80qs3fcu9r within the target block range) and is itself confirmed inside that same block range.,"tools/onchain/trace_cluster.py (mempool.space API, live query)"
99051fce72e64328ffa352494b6cfc6c0e5e4e286f9ccb518f4c84b536ba89e4,960191,000000000000000000003094b4c6bfd6caa47f12985b8b78a54c7524dd1bc606,2026-07-30T01:51:26+00:00,1,19359186,1,19355886,3300,30.137,v0_p2wpkh,v0_p2wpkh,bc1qnk4zh9qcnap2mycp56qjrgza3cc8ylrh8fecp0,sweep-funding-tx,high,Pays bc1qnk4zh9qcnap2mycp56qjrgza3cc8ylrh8fecp0 (the sole address that directly funded the named consolidation address bc1qq85v2c926eg6pgxhwp6q7lf6cnsz80qs3fcu9r within the target block range) and is itself confirmed inside that same block range.,"tools/onchain/trace_cluster.py (mempool.space API, live query)"
99233a1c13571be79d89a7834ec33c0ec6e6fc51b03e2d02a48b8af669fd2c2d,960191,000000000000000000003094b4c6bfd6caa47f12985b8b78a54c7524dd1bc606,2026-07-30T01:51:26+00:00,1,21024060,1,21020760,3300,30.206,v0_p2wpkh,v0_p2wpkh,bc1qnk4zh9qcnap2mycp56qjrgza3cc8ylrh8fecp0,sweep-funding-tx,high,Pays bc1qnk4zh9qcnap2mycp56qjrgza3cc8ylrh8fecp0 (the sole address that directly funded the named consolidation address bc1qq85v2c926eg6pgxhwp6q7lf6cnsz80qs3fcu9r within the target block range) and is itself confirmed inside that same block range.,"tools/onchain/trace_cluster.py (mempool.space API, live query)"
9d674ea30ea69c4625c593b269727f6e9b53c6078b17b22b26ed80f3eef6405b,960191,000000000000000000003094b4c6bfd6caa47f12985b8b78a54c7524dd1bc606,2026-07-30T01:51:26+00:00,1,21535277,1,21531287,3990,30.17,p2sh,v0_p2wpkh,bc1qnk4zh9qcnap2mycp56qjrgza3cc8ylrh8fecp0,sweep-funding-tx,high,Pays bc1qnk4zh9qcnap2mycp56qjrgza3cc8ylrh8fecp0 (the sole address that directly funded the named consolidation address bc1qq85v2c926eg6pgxhwp6q7lf6cnsz80qs3fcu9r within the target block range) and is itself confirmed inside that same block range.,"tools/onchain/trace_cluster.py (mempool.space API, live query)"
a227d651c8ad6899caf42c225a98b9564b7df1a7142a64b4889e34ae208fdbd0,960191,000000000000000000003094b4c6bfd6caa47f12985b8b78a54c7524dd1bc606,2026-07-30T01:51:26+00:00,1,24012000,1,24008700,3300,30.137,v0_p2wpkh,v0_p2wpkh,bc1qnk4zh9qcnap2mycp56qjrgza3cc8ylrh8fecp0,sweep-funding-tx,high,Pays bc1qnk4zh9qcnap2mycp56qjrgza3cc8ylrh8fecp0 (the sole address that directly funded the named consolidation address bc1qq85v2c926eg6pgxhwp6q7lf6cnsz80qs3fcu9r within the target block range) and is itself confirmed inside that same block range.,"tools/onchain/trace_cluster.py (mempool.space API, live query)"
a2e497c5e9e73fd76928e295bc00128873727a9771706c47c2bc7deaeeea152e,960191,000000000000000000003094b4c6bfd6caa47f12985b8b78a54c7524dd1bc606,2026-07-30T01:51:26+00:00,1,21524629,1,21521329,3300,30.137,v0_p2wpkh,v0_p2wpkh,bc1qnk4zh9qcnap2mycp56qjrgza3cc8ylrh8fecp0,sweep-funding-tx,high,Pays bc1qnk4zh9qcnap2mycp56qjrgza3cc8ylrh8fecp0 (the sole address that directly funded the named consolidation address bc1qq85v2c926eg6pgxhwp6q7lf6cnsz80qs3fcu9r within the target block range) and is itself confirmed inside that same block range.,"tools/onchain/trace_cluster.py (mempool.space API, live query)"
a5abe9033155e69e9b714421e6a45dc6c88692c08738154c0d177921aa34fcf7,960191,000000000000000000003094b4c6bfd6caa47f12985b8b78a54c7524dd1bc606,2026-07-30T01:51:26+00:00,1,22813071,1,22809771,3300,30.206,v0_p2wpkh,v0_p2wpkh,bc1qnk4zh9qcnap2mycp56qjrgza3cc8ylrh8fecp0,sweep-funding-tx,high,Pays bc1qnk4zh9qcnap2mycp56qjrgza3cc8ylrh8fecp0 (the sole address that directly funded the named consolidation address bc1qq85v2c926eg6pgxhwp6q7lf6cnsz80qs3fcu9r within the target block range) and is itself confirmed inside that same block range.,"tools/onchain/trace_cluster.py (mempool.space API, live query)"
a899981e3abb797a1f628a88e2453696fe0bc05ce7d6d0c73c56d1e1158dd69e,960191,000000000000000000003094b4c6bfd6caa47f12985b8b78a54c7524dd1bc606,2026-07-30T01:51:26+00:00,1,24499561,1,24496261,3300,30.206,v0_p2wpkh,v0_p2wpkh,bc1qnk4zh9qcnap2mycp56qjrgza3cc8ylrh8fecp0,sweep-funding-tx,high,Pays bc1qnk4zh9qcnap2mycp56qjrgza3cc8ylrh8fecp0 (the sole address that directly funded the named consolidation address bc1qq85v2c926eg6pgxhwp6q7lf6cnsz80qs3fcu9r within the target block range) and is itself confirmed inside that same block range.,"tools/onchain/trace_cluster.py (mempool.space API, live query)"
a9227691fdcbcaa1ab084f426222cc822e7f780672893573951bbbdab2c77ae4,960191,000000000000000000003094b4c6bfd6caa47f12985b8b78a54c7524dd1bc606,2026-07-30T01:51:26+00:00,1,21664736,1,21661436,3300,30.137,v0_p2wpkh,v0_p2wpkh,bc1qnk4zh9qcnap2mycp56qjrgza3cc8ylrh8fecp0,sweep-funding-tx,high,Pays bc1qnk4zh9qcnap2mycp56qjrgza3cc8ylrh8fecp0 (the sole address that directly funded the named consolidation address bc1qq85v2c926eg6pgxhwp6q7lf6cnsz80qs3fcu9r within the target block range) and is itself confirmed inside that same block range.,"tools/onchain/trace_cluster.py (mempool.space API, live query)"
aafc68c558bb9e8a46ffc4f948546441694b05d848518b91aeeb3bc48ae530bb,960191,000000000000000000003094b4c6bfd6caa47f12985b8b78a54c7524dd1bc606,2026-07-30T01:51:26+00:00,1,15000000,1,14996700,3300,30.206,v0_p2wpkh,v0_p2wpkh,bc1qnk4zh9qcnap2mycp56qjrgza3cc8ylrh8fecp0,sweep-funding-tx,high,Pays bc1qnk4zh9qcnap2mycp56qjrgza3cc8ylrh8fecp0 (the sole address that directly funded the named consolidation address bc1qq85v2c926eg6pgxhwp6q7lf6cnsz80qs3fcu9r within the target block range) and is itself confirmed inside that same block range.,"tools/onchain/trace_cluster.py (mempool.space API, live query)"
ae4e87a9a99605cc5c287047e30753d8a5b93349e9607d83d30764ae88dc44b9,960191,000000000000000000003094b4c6bfd6caa47f12985b8b78a54c7524dd1bc606,2026-07-30T01:51:26+00:00,1,15499519,1,15496219,3300,30.137,v0_p2wpkh,v0_p2wpkh,bc1qnk4zh9qcnap2mycp56qjrgza3cc8ylrh8fecp0,sweep-funding-tx,high,Pays bc1qnk4zh9qcnap2mycp56qjrgza3cc8ylrh8fecp0 (the sole address that directly funded the named consolidation address bc1qq85v2c926eg6pgxhwp6q7lf6cnsz80qs3fcu9r within the target block range) and is itself confirmed inside that same block range.,"tools/onchain/trace_cluster.py (mempool.space API, live query)"
af0f65ced3c421c5b393cfe24cb907163891501d1de1112eedb14352a6f29a06,960191,000000000000000000003094b4c6bfd6caa47f12985b8b78a54c7524dd1bc606,2026-07-30T01:51:26+00:00,1,21526425,1,21523125,3300,30.206,v0_p2wpkh,v0_p2wpkh,bc1qnk4zh9qcnap2mycp56qjrgza3cc8ylrh8fecp0,sweep-funding-tx,high,Pays bc1qnk4zh9qcnap2mycp56qjrgza3cc8ylrh8fecp0 (the sole address that directly funded the named consolidation address bc1qq85v2c926eg6pgxhwp6q7lf6cnsz80qs3fcu9r within the target block range) and is itself confirmed inside that same block range.,"tools/onchain/trace_cluster.py (mempool.space API, live query)"
b3bc55c1388d281cd1bf6889bfe13d84de3c41905b16212aa5dd0aac0dcbdafb,960191,000000000000000000003094b4c6bfd6caa47f12985b8b78a54c7524dd1bc606,2026-07-30T01:51:26+00:00,14,17747739,1,17717919,29820,30.068,v0_p2wpkh,v0_p2wpkh,bc1qnk4zh9qcnap2mycp56qjrgza3cc8ylrh8fecp0,sweep-funding-tx,high,Pays bc1qnk4zh9qcnap2mycp56qjrgza3cc8ylrh8fecp0 (the sole address that directly funded the named consolidation address bc1qq85v2c926eg6pgxhwp6q7lf6cnsz80qs3fcu9r within the target block range) and is itself confirmed inside that same block range.,"tools/onchain/trace_cluster.py (mempool.space API, live query)"
b3f02aa53338bcb0e23ddba82ea2b54b30e0046d451f20305c89f87b2c1d223f,960191,000000000000000000003094b4c6bfd6caa47f12985b8b78a54c7524dd1bc606,2026-07-30T01:51:26+00:00,1,15458237,1,15454937,3300,30.137,v0_p2wpkh,v0_p2wpkh,bc1qnk4zh9qcnap2mycp56qjrgza3cc8ylrh8fecp0,sweep-funding-tx,high,Pays bc1qnk4zh9qcnap2mycp56qjrgza3cc8ylrh8fecp0 (the sole address that directly funded the named consolidation address bc1qq85v2c926eg6pgxhwp6q7lf6cnsz80qs3fcu9r within the target block range) and is itself confirmed inside that same block range.,"tools/onchain/trace_cluster.py (mempool.space API, live query)"
b538cc65c0a689a38c3fc055b5c94e173fde328b446f514bf64249fbb8dca6c2,960191,000000000000000000003094b4c6bfd6caa47f12985b8b78a54c7524dd1bc606,2026-07-30T01:51:26+00:00,1,15000000,1,14996700,3300,30.206,v0_p2wpkh,v0_p2wpkh,bc1qnk4zh9qcnap2mycp56qjrgza3cc8ylrh8fecp0,sweep-funding-tx,high,Pays bc1qnk4zh9qcnap2mycp56qjrgza3cc8ylrh8fecp0 (the sole address that directly funded the named consolidation address bc1qq85v2c926eg6pgxhwp6q7lf6cnsz80qs3fcu9r within the target block range) and is itself confirmed inside that same block range.,"tools/onchain/trace_cluster.py (mempool.space API, live query)"
b5777e8cd68dfb3f6cbea65d3bff1a6ea317d8d7c2a8f6ce8e17dfb4175e8690,960191,000000000000000000003094b4c6bfd6caa47f12985b8b78a54c7524dd1bc606,2026-07-30T01:51:26+00:00,1,15079727,1,15076427,3300,30.206,v0_p2wpkh,v0_p2wpkh,bc1qnk4zh9qcnap2mycp56qjrgza3cc8ylrh8fecp0,sweep-funding-tx,high,Pays bc1qnk4zh9qcnap2mycp56qjrgza3cc8ylrh8fecp0 (the sole address that directly funded the named consolidation address bc1qq85v2c926eg6pgxhwp6q7lf6cnsz80qs3fcu9r within the target block range) and is itself confirmed inside that same block range.,"tools/onchain/trace_cluster.py (mempool.space API, live query)"
b6bd7a949996e7b5c4f7cdc0d9864d96907b48a39261bb284e8618c358983a2c,960191,000000000000000000003094b4c6bfd6caa47f12985b8b78a54c7524dd1bc606,2026-07-30T01:51:26+00:00,1,19998000,1,19994700,3300,30.206,v0_p2wpkh,v0_p2wpkh,bc1qnk4zh9qcnap2mycp56qjrgza3cc8ylrh8fecp0,sweep-funding-tx,high,Pays bc1qnk4zh9qcnap2mycp56qjrgza3cc8ylrh8fecp0 (the sole address that directly funded the named consolidation address bc1qq85v2c926eg6pgxhwp6q7lf6cnsz80qs3fcu9r within the target block range) and is itself confirmed inside that same block range.,"tools/onchain/trace_cluster.py (mempool.space API, live query)"
b9d8cd4bc9358e8467d3cc2caf0b2e2880d441976e3adec80e3b4a90c1030565,960191,000000000000000000003094b4c6bfd6caa47f12985b8b78a54c7524dd1bc606,2026-07-30T01:51:26+00:00,1,20000000,1,19994300,5700,30.319,p2pkh,v0_p2wpkh,bc1qnk4zh9qcnap2mycp56qjrgza3cc8ylrh8fecp0,sweep-funding-tx,high,Pays bc1qnk4zh9qcnap2mycp56qjrgza3cc8ylrh8fecp0 (the sole address that directly funded the named consolidation address bc1qq85v2c926eg6pgxhwp6q7lf6cnsz80qs3fcu9r within the target block range) and is itself confirmed inside that same block range.,"tools/onchain/trace_cluster.py (mempool.space API, live query)"
bba969fc4cbc47cfbebdd3744c2c3f26bb7ec6aec09d142eb05442fe250e0fb6,960191,000000000000000000003094b4c6bfd6caa47f12985b8b78a54c7524dd1bc606,2026-07-30T01:51:26+00:00,1,25000000,1,24996700,3300,30.137,v0_p2wpkh,v0_p2wpkh,bc1qnk4zh9qcnap2mycp56qjrgza3cc8ylrh8fecp0,sweep-funding-tx,high,Pays bc1qnk4zh9qcnap2mycp56qjrgza3cc8ylrh8fecp0 (the sole address that directly funded the named consolidation address bc1qq85v2c926eg6pgxhwp6q7lf6cnsz80qs3fcu9r within the target block range) and is itself confirmed inside that same block range.,"tools/onchain/trace_cluster.py (mempool.space API, live query)"
bc31bc656f6ffa03b03518c1628afe4c153ffa2468abe8de2fe25d6178fa94a8,960191,000000000000000000003094b4c6bfd6caa47f12985b8b78a54c7524dd1bc606,2026-07-30T01:51:26+00:00,1,19376377,1,19373077,3300,30.137,v0_p2wpkh,v0_p2wpkh,bc1qnk4zh9qcnap2mycp56qjrgza3cc8ylrh8fecp0,sweep-funding-tx,high,Pays bc1qnk4zh9qcnap2mycp56qjrgza3cc8ylrh8fecp0 (the sole address that directly funded the named consolidation address bc1qq85v2c926eg6pgxhwp6q7lf6cnsz80qs3fcu9r within the target block range) and is itself confirmed inside that same block range.,"tools/onchain/trace_cluster.py (mempool.space API, live query)"
bcdfa0d832b3efec547614925a741f4d8b4aff4502aef1fa0860f668158b9320,960191,000000000000000000003094b4c6bfd6caa47f12985b8b78a54c7524dd1bc606,2026-07-30T01:51:26+00:00,1,17220678,1,17217378,3300,30.137,v0_p2wpkh,v0_p2wpkh,bc1qnk4zh9qcnap2mycp56qjrgza3cc8ylrh8fecp0,sweep-funding-tx,high,Pays bc1qnk4zh9qcnap2mycp56qjrgza3cc8ylrh8fecp0 (the sole address that directly funded the named consolidation address bc1qq85v2c926eg6pgxhwp6q7lf6cnsz80qs3fcu9r within the target block range) and is itself confirmed inside that same block range.,"tools/onchain/trace_cluster.py (mempool.space API, live query)"
be85fb5cd4aec55938b331bea523a89e70bcba3078704bbf7b45796a8905f98d,960191,000000000000000000003094b4c6bfd6caa47f12985b8b78a54c7524dd1bc606,2026-07-30T01:51:26+00:00,1,18684160,1,18680860,3300,30.137,v0_p2wpkh,v0_p2wpkh,bc1qnk4zh9qcnap2mycp56qjrgza3cc8ylrh8fecp0,sweep-funding-tx,high,Pays bc1qnk4zh9qcnap2mycp56qjrgza3cc8ylrh8fecp0 (the sole address that directly funded the named consolidation address bc1qq85v2c926eg6pgxhwp6q7lf6cnsz80qs3fcu9r within the target block range) and is itself confirmed inside that same block range.,"tools/onchain/trace_cluster.py (mempool.space API, live query)"
c131ab6f5ffd05c465c8d2d15ca635c1554659dc3f7c2c9c06021937d5608c95,960191,000000000000000000003094b4c6bfd6caa47f12985b8b78a54c7524dd1bc606,2026-07-30T01:51:26+00:00,1,22814929,1,22811629,3300,30.137,v0_p2wpkh,v0_p2wpkh,bc1qnk4zh9qcnap2mycp56qjrgza3cc8ylrh8fecp0,sweep-funding-tx,high,Pays bc1qnk4zh9qcnap2mycp56qjrgza3cc8ylrh8fecp0 (the sole address that directly funded the named consolidation address bc1qq85v2c926eg6pgxhwp6q7lf6cnsz80qs3fcu9r within the target block range) and is itself confirmed inside that same block range.,"tools/onchain/trace_cluster.py (mempool.space API, live query)"
c169bace4d5f42d8ab4eda0eaa450030e1d7bc3fa82a2969f4dfeb3e0864ea77,960191,000000000000000000003094b4c6bfd6caa47f12985b8b78a54c7524dd1bc606,2026-07-30T01:51:26+00:00,1,22000000,1,21996700,3300,30.137,v0_p2wpkh,v0_p2wpkh,bc1qnk4zh9qcnap2mycp56qjrgza3cc8ylrh8fecp0,sweep-funding-tx,high,Pays bc1qnk4zh9qcnap2mycp56qjrgza3cc8ylrh8fecp0 (the sole address that directly funded the named consolidation address bc1qq85v2c926eg6pgxhwp6q7lf6cnsz80qs3fcu9r within the target block range) and is itself confirmed inside that same block range.,"tools/onchain/trace_cluster.py (mempool.space API, live query)"
c49af300931e211dfd744e31b513edd3dc8da1591a665a18f994ac9e429e8246,960191,000000000000000000003094b4c6bfd6caa47f12985b8b78a54c7524dd1bc606,2026-07-30T01:51:26+00:00,1,21504720,1,21501420,3300,30.137,v0_p2wpkh,v0_p2wpkh,bc1qnk4zh9qcnap2mycp56qjrgza3cc8ylrh8fecp0,sweep-funding-tx,high,Pays bc1qnk4zh9qcnap2mycp56qjrgza3cc8ylrh8fecp0 (the sole address that directly funded the named consolidation address bc1qq85v2c926eg6pgxhwp6q7lf6cnsz80qs3fcu9r within the target block range) and is itself confirmed inside that same block range.,"tools/onchain/trace_cluster.py (mempool.space API, live query)"
c4fbc57224aafaeda58a3143bfbedfb35eefe7613a52fdbaa3a351d851af4576,960191,000000000000000000003094b4c6bfd6caa47f12985b8b78a54c7524dd1bc606,2026-07-30T01:51:26+00:00,1,16666667,1,16663367,3300,30.206,v0_p2wpkh,v0_p2wpkh,bc1qnk4zh9qcnap2mycp56qjrgza3cc8ylrh8fecp0,sweep-funding-tx,high,Pays bc1qnk4zh9qcnap2mycp56qjrgza3cc8ylrh8fecp0 (the sole address that directly funded the named consolidation address bc1qq85v2c926eg6pgxhwp6q7lf6cnsz80qs3fcu9r within the target block range) and is itself confirmed inside that same block range.,"tools/onchain/trace_cluster.py (mempool.space API, live query)"
c59e14ec72ce7b1817905d8731e0a7f86979df012d0d888cf8e3cb2126ce5023,960191,000000000000000000003094b4c6bfd6caa47f12985b8b78a54c7524dd1bc606,2026-07-30T01:51:26+00:00,2,21182693,1,21177353,5340,30.085,v0_p2wpkh,v0_p2wpkh,bc1qnk4zh9qcnap2mycp56qjrgza3cc8ylrh8fecp0,sweep-funding-tx,high,Pays bc1qnk4zh9qcnap2mycp56qjrgza3cc8ylrh8fecp0 (the sole address that directly funded the named consolidation address bc1qq85v2c926eg6pgxhwp6q7lf6cnsz80qs3fcu9r within the target block range) and is itself confirmed inside that same block range.,"tools/onchain/trace_cluster.py (mempool.space API, live query)"
c6f2af5896dac5357d2624d5998e6dca2ec33077470da80b7d27699c5f6e6673,960191,000000000000000000003094b4c6bfd6caa47f12985b8b78a54c7524dd1bc606,2026-07-30T01:51:26+00:00,1,22814238,1,22810938,3300,30.206,v0_p2wpkh,v0_p2wpkh,bc1qnk4zh9qcnap2mycp56qjrgza3cc8ylrh8fecp0,sweep-funding-tx,high,Pays bc1qnk4zh9qcnap2mycp56qjrgza3cc8ylrh8fecp0 (the sole address that directly funded the named consolidation address bc1qq85v2c926eg6pgxhwp6q7lf6cnsz80qs3fcu9r within the target block range) and is itself confirmed inside that same block range.,"tools/onchain/trace_cluster.py (mempool.space API, live query)"
cae4d70c3d82edf64b6676bdd11bcc9056016f7527bbee75b1972487c1219cef,960191,000000000000000000003094b4c6bfd6caa47f12985b8b78a54c7524dd1bc606,2026-07-30T01:51:26+00:00,1,24999025,1,24995725,3300,30.137,v0_p2wpkh,v0_p2wpkh,bc1qnk4zh9qcnap2mycp56qjrgza3cc8ylrh8fecp0,sweep-funding-tx,high,Pays bc1qnk4zh9qcnap2mycp56qjrgza3cc8ylrh8fecp0 (the sole address that directly funded the named consolidation address bc1qq85v2c926eg6pgxhwp6q7lf6cnsz80qs3fcu9r within the target block range) and is itself confirmed inside that same block range.,"tools/onchain/trace_cluster.py (mempool.space API, live query)"
cb0fe11b5dbc9357cc8169760eba560a572e7c238fab11e5b92606893677358b,960191,000000000000000000003094b4c6bfd6caa47f12985b8b78a54c7524dd1bc606,2026-07-30T01:51:26+00:00,1,23998000,1,23994700,3300,30.137,v0_p2wpkh,v0_p2wpkh,bc1qnk4zh9qcnap2mycp56qjrgza3cc8ylrh8fecp0,sweep-funding-tx,high,Pays bc1qnk4zh9qcnap2mycp56qjrgza3cc8ylrh8fecp0 (the sole address that directly funded the named consolidation address bc1qq85v2c926eg6pgxhwp6q7lf6cnsz80qs3fcu9r within the target block range) and is itself confirmed inside that same block range.,"tools/onchain/trace_cluster.py (mempool.space API, live query)"
cd4527778447d6c918a0f7c52a4811af55b3232fac7860f956ae65ef6e29ef0b,960191,000000000000000000003094b4c6bfd6caa47f12985b8b78a54c7524dd1bc606,2026-07-30T01:51:26+00:00,1,25206900,1,25203600,3300,30.206,v0_p2wpkh,v0_p2wpkh,bc1qnk4zh9qcnap2mycp56qjrgza3cc8ylrh8fecp0,sweep-funding-tx,high,Pays bc1qnk4zh9qcnap2mycp56qjrgza3cc8ylrh8fecp0 (the sole address that directly funded the named consolidation address bc1qq85v2c926eg6pgxhwp6q7lf6cnsz80qs3fcu9r within the target block range) and is itself confirmed inside that same block range.,"tools/onchain/trace_cluster.py (mempool.space API, live query)"
cdfdc4fe83f2d6dc2fcddc9fc11b05f0d7b0fb085033019af32a6004e1aa9852,960191,000000000000000000003094b4c6bfd6caa47f12985b8b78a54c7524dd1bc606,2026-07-30T01:51:26+00:00,1,15000000,1,14996700,3300,30.137,v0_p2wpkh,v0_p2wpkh,bc1qnk4zh9qcnap2mycp56qjrgza3cc8ylrh8fecp0,sweep-funding-tx,high,Pays bc1qnk4zh9qcnap2mycp56qjrgza3cc8ylrh8fecp0 (the sole address that directly funded the named consolidation address bc1qq85v2c926eg6pgxhwp6q7lf6cnsz80qs3fcu9r within the target block range) and is itself confirmed inside that same block range.,"tools/onchain/trace_cluster.py (mempool.space API, live query)"
cf84625dbc49f23113b328be11991a46aa9a5984a378835ebda4e063bc53ab70,960191,000000000000000000003094b4c6bfd6caa47f12985b8b78a54c7524dd1bc606,2026-07-30T01:51:26+00:00,1,24000000,1,23996700,3300,30.206,v0_p2wpkh,v0_p2wpkh,bc1qnk4zh9qcnap2mycp56qjrgza3cc8ylrh8fecp0,sweep-funding-tx,high,Pays bc1qnk4zh9qcnap2mycp56qjrgza3cc8ylrh8fecp0 (the sole address that directly funded the named consolidation address bc1qq85v2c926eg6pgxhwp6q7lf6cnsz80qs3fcu9r within the target block range) and is itself confirmed inside that same block range.,"tools/onchain/trace_cluster.py (mempool.space API, live query)"
d32125c06a3995e22bec5147fc220b902ab775e8c565a6fd48cc2fb762ca6032,960191,000000000000000000003094b4c6bfd6caa47f12985b8b78a54c7524dd1bc606,2026-07-30T01:51:26+00:00,1,23998000,1,23994700,3300,30.206,v0_p2wpkh,v0_p2wpkh,bc1qnk4zh9qcnap2mycp56qjrgza3cc8ylrh8fecp0,sweep-funding-tx,high,Pays bc1qnk4zh9qcnap2mycp56qjrgza3cc8ylrh8fecp0 (the sole address that directly funded the named consolidation address bc1qq85v2c926eg6pgxhwp6q7lf6cnsz80qs3fcu9r within the target block range) and is itself confirmed inside that same block range.,"tools/onchain/trace_cluster.py (mempool.space API, live query)"
d473f5ccae596a13478afc51ea020229565e46c4130b284325c8b93dfb4c58f3,960191,000000000000000000003094b4c6bfd6caa47f12985b8b78a54c7524dd1bc606,2026-07-30T01:51:26+00:00,1,20038910,1,20035610,3300,30.206,v0_p2wpkh,v0_p2wpkh,bc1qnk4zh9qcnap2mycp56qjrgza3cc8ylrh8fecp0,sweep-funding-tx,high,Pays bc1qnk4zh9qcnap2mycp56qjrgza3cc8ylrh8fecp0 (the sole address that directly funded the named consolidation address bc1qq85v2c926eg6pgxhwp6q7lf6cnsz80qs3fcu9r within the target block range) and is itself confirmed inside that same block range.,"tools/onchain/trace_cluster.py (mempool.space API, live query)"
d888b23b2e529e4498100384d45d29c752e525a7ed57555c7dc1f9336c2cc7f3,960191,000000000000000000003094b4c6bfd6caa47f12985b8b78a54c7524dd1bc606,2026-07-30T01:51:26+00:00,1,21799690,1,21796390,3300,30.206,v0_p2wpkh,v0_p2wpkh,bc1qnk4zh9qcnap2mycp56qjrgza3cc8ylrh8fecp0,sweep-funding-tx,high,Pays bc1qnk4zh9qcnap2mycp56qjrgza3cc8ylrh8fecp0 (the sole address that directly funded the named consolidation address bc1qq85v2c926eg6pgxhwp6q7lf6cnsz80qs3fcu9r within the target block range) and is itself confirmed inside that same block range.,"tools/onchain/trace_cluster.py (mempool.space API, live query)"
da50d8ec42cd479e36ef60d6e55bd43cfe6b7e984502dbb438037f17dad5c0ee,960191,000000000000000000003094b4c6bfd6caa47f12985b8b78a54c7524dd1bc606,2026-07-30T01:51:26+00:00,1,20999726,1,20996426,3300,30.206,v0_p2wpkh,v0_p2wpkh,bc1qnk4zh9qcnap2mycp56qjrgza3cc8ylrh8fecp0,sweep-funding-tx,high,Pays bc1qnk4zh9qcnap2mycp56qjrgza3cc8ylrh8fecp0 (the sole address that directly funded the named consolidation address bc1qq85v2c926eg6pgxhwp6q7lf6cnsz80qs3fcu9r within the target block range) and is itself confirmed inside that same block range.,"tools/onchain/trace_cluster.py (mempool.space API, live query)"
dbac677ee8b63da4a960ccb273ea647af3732074c61fe366ff39b265959950ac,960191,000000000000000000003094b4c6bfd6caa47f12985b8b78a54c7524dd1bc606,2026-07-30T01:51:26+00:00,1,15891325,1,15888025,3300,30.206,v0_p2wpkh,v0_p2wpkh,bc1qnk4zh9qcnap2mycp56qjrgza3cc8ylrh8fecp0,sweep-funding-tx,high,Pays bc1qnk4zh9qcnap2mycp56qjrgza3cc8ylrh8fecp0 (the sole address that directly funded the named consolidation address bc1qq85v2c926eg6pgxhwp6q7lf6cnsz80qs3fcu9r within the target block range) and is itself confirmed inside that same block range.,"tools/onchain/trace_cluster.py (mempool.space API, live query)"
df1525bc9b6dd399d62eb5748437eef8d96ad70e8c23b65425656b1e1858219c,960191,000000000000000000003094b4c6bfd6caa47f12985b8b78a54c7524dd1bc606,2026-07-30T01:51:26+00:00,1,22826847,1,22823547,3300,30.206,v0_p2wpkh,v0_p2wpkh,bc1qnk4zh9qcnap2mycp56qjrgza3cc8ylrh8fecp0,sweep-funding-tx,high,Pays bc1qnk4zh9qcnap2mycp56qjrgza3cc8ylrh8fecp0 (the sole address that directly funded the named consolidation address bc1qq85v2c926eg6pgxhwp6q7lf6cnsz80qs3fcu9r within the target block range) and is itself confirmed inside that same block range.,"tools/onchain/trace_cluster.py (mempool.space API, live query)"
df757ed79a21df0101a51189db65840e739fafc5d38a377f4241204e561ee3de,960191,000000000000000000003094b4c6bfd6caa47f12985b8b78a54c7524dd1bc606,2026-07-30T01:51:26+00:00,1,21550462,1,21547162,3300,30.206,v0_p2wpkh,v0_p2wpkh,bc1qnk4zh9qcnap2mycp56qjrgza3cc8ylrh8fecp0,sweep-funding-tx,high,Pays bc1qnk4zh9qcnap2mycp56qjrgza3cc8ylrh8fecp0 (the sole address that directly funded the named consolidation address bc1qq85v2c926eg6pgxhwp6q7lf6cnsz80qs3fcu9r within the target block range) and is itself confirmed inside that same block range.,"tools/onchain/trace_cluster.py (mempool.space API, live query)"
dfc15e5795c4ae1f7e85c150d02f30e806e5a54626e26275d56793322b1650c2,960191,000000000000000000003094b4c6bfd6caa47f12985b8b78a54c7524dd1bc606,2026-07-30T01:51:26+00:00,1,21530193,1,21526893,3300,30.137,v0_p2wpkh,v0_p2wpkh,bc1qnk4zh9qcnap2mycp56qjrgza3cc8ylrh8fecp0,sweep-funding-tx,high,Pays bc1qnk4zh9qcnap2mycp56qjrgza3cc8ylrh8fecp0 (the sole address that directly funded the named consolidation address bc1qq85v2c926eg6pgxhwp6q7lf6cnsz80qs3fcu9r within the target block range) and is itself confirmed inside that same block range.,"tools/onchain/trace_cluster.py (mempool.space API, live query)"
dfd1fe8939f556d6f55b36d25bb6073e10e05f73f8e9e7d23eaa86620313d855,960191,000000000000000000003094b4c6bfd6caa47f12985b8b78a54c7524dd1bc606,2026-07-30T01:51:26+00:00,1,15223169,1,15219869,3300,30.206,v0_p2wpkh,v0_p2wpkh,bc1qnk4zh9qcnap2mycp56qjrgza3cc8ylrh8fecp0,sweep-funding-tx,high,Pays bc1qnk4zh9qcnap2mycp56qjrgza3cc8ylrh8fecp0 (the sole address that directly funded the named consolidation address bc1qq85v2c926eg6pgxhwp6q7lf6cnsz80qs3fcu9r within the target block range) and is itself confirmed inside that same block range.,"tools/onchain/trace_cluster.py (mempool.space API, live query)"
e1dd7943c3d3c75401e544817d1bce5c54b4c748973d5bbcc1a260db931dfbbc,960191,000000000000000000003094b4c6bfd6caa47f12985b8b78a54c7524dd1bc606,2026-07-30T01:51:26+00:00,1,15060592,1,15057292,3300,30.137,v0_p2wpkh,v0_p2wpkh,bc1qnk4zh9qcnap2mycp56qjrgza3cc8ylrh8fecp0,sweep-funding-tx,high,Pays bc1qnk4zh9qcnap2mycp56qjrgza3cc8ylrh8fecp0 (the sole address that directly funded the named consolidation address bc1qq85v2c926eg6pgxhwp6q7lf6cnsz80qs3fcu9r within the target block range) and is itself confirmed inside that same block range.,"tools/onchain/trace_cluster.py (mempool.space API, live query)"
e23cc0b9c8249e5a46b6b1f5e4b6e7ea9c2b73b96f373be4e8c2c97c58a517df,960191,000000000000000000003094b4c6bfd6caa47f12985b8b78a54c7524dd1bc606,2026-07-30T01:51:26+00:00,1,15000000,1,14994300,5700,30.159,p2pkh,v0_p2wpkh,bc1qnk4zh9qcnap2mycp56qjrgza3cc8ylrh8fecp0,sweep-funding-tx,high,Pays bc1qnk4zh9qcnap2mycp56qjrgza3cc8ylrh8fecp0 (the sole address that directly funded the named consolidation address bc1qq85v2c926eg6pgxhwp6q7lf6cnsz80qs3fcu9r within the target block range) and is itself confirmed inside that same block range.,"tools/onchain/trace_cluster.py (mempool.space API, live query)"
e3d2fcfe674454eb2c6e14ea5d9baac97a76511558b12d72a8eb1be0d53ba498,960191,000000000000000000003094b4c6bfd6caa47f12985b8b78a54c7524dd1bc606,2026-07-30T01:51:26+00:00,1,20000000,1,19996700,3300,30.137,v0_p2wpkh,v0_p2wpkh,bc1qnk4zh9qcnap2mycp56qjrgza3cc8ylrh8fecp0,sweep-funding-tx,high,Pays bc1qnk4zh9qcnap2mycp56qjrgza3cc8ylrh8fecp0 (the sole address that directly funded the named consolidation address bc1qq85v2c926eg6pgxhwp6q7lf6cnsz80qs3fcu9r within the target block range) and is itself confirmed inside that same block range.,"tools/onchain/trace_cluster.py (mempool.space API, live query)"
e4d18815f5dfb03354b47cad778c02156e60f3d7527846455a26152e351dcbfb,960191,000000000000000000003094b4c6bfd6caa47f12985b8b78a54c7524dd1bc606,2026-07-30T01:51:26+00:00,1,20000000,1,19996700,3300,30.206,v0_p2wpkh,v0_p2wpkh,bc1qnk4zh9qcnap2mycp56qjrgza3cc8ylrh8fecp0,sweep-funding-tx,high,Pays bc1qnk4zh9qcnap2mycp56qjrgza3cc8ylrh8fecp0 (the sole address that directly funded the named consolidation address bc1qq85v2c926eg6pgxhwp6q7lf6cnsz80qs3fcu9r within the target block range) and is itself confirmed inside that same block range.,"tools/onchain/trace_cluster.py (mempool.space API, live query)"
e5ea1b34e0475a717441aef7b6e770f621ecc1dbb6c31069f65dd01b3e3eaef4,960191,000000000000000000003094b4c6bfd6caa47f12985b8b78a54c7524dd1bc606,2026-07-30T01:51:26+00:00,1,24999600,1,24996300,3300,30.206,v0_p2wpkh,v0_p2wpkh,bc1qnk4zh9qcnap2mycp56qjrgza3cc8ylrh8fecp0,sweep-funding-tx,high,Pays bc1qnk4zh9qcnap2mycp56qjrgza3cc8ylrh8fecp0 (the sole address that directly funded the named consolidation address bc1qq85v2c926eg6pgxhwp6q7lf6cnsz80qs3fcu9r within the target block range) and is itself confirmed inside that same block range.,"tools/onchain/trace_cluster.py (mempool.space API, live query)"
e85e843699c3599804b732d2e3cf98790b3ab3d40bf127ac208c4587635e1415,960191,000000000000000000003094b4c6bfd6caa47f12985b8b78a54c7524dd1bc606,2026-07-30T01:51:26+00:00,1,16890000,1,16886700,3300,30.206,v0_p2wpkh,v0_p2wpkh,bc1qnk4zh9qcnap2mycp56qjrgza3cc8ylrh8fecp0,sweep-funding-tx,high,Pays bc1qnk4zh9qcnap2mycp56qjrgza3cc8ylrh8fecp0 (the sole address that directly funded the named consolidation address bc1qq85v2c926eg6pgxhwp6q7lf6cnsz80qs3fcu9r within the target block range) and is itself confirmed inside that same block range.,"tools/onchain/trace_cluster.py (mempool.space API, live query)"
ebc9aeb4fdf2218793388c0f0ad3dd2bc668791b6433fd252ecaeaa9473f5c12,960191,000000000000000000003094b4c6bfd6caa47f12985b8b78a54c7524dd1bc606,2026-07-30T01:51:26+00:00,1,25000000,1,24996700,3300,30.137,v0_p2wpkh,v0_p2wpkh,bc1qnk4zh9qcnap2mycp56qjrgza3cc8ylrh8fecp0,sweep-funding-tx,high,Pays bc1qnk4zh9qcnap2mycp56qjrgza3cc8ylrh8fecp0 (the sole address that directly funded the named consolidation address bc1qq85v2c926eg6pgxhwp6q7lf6cnsz80qs3fcu9r within the target block range) and is itself confirmed inside that same block range.,"tools/onchain/trace_cluster.py (mempool.space API, live query)"
ed66475fb821e1513fccaaed00b3dd797e0cacfaad36f2d2009e0557520799a4,960191,000000000000000000003094b4c6bfd6caa47f12985b8b78a54c7524dd1bc606,2026-07-30T01:51:26+00:00,1,22121000,1,22117700,3300,30.206,v0_p2wpkh,v0_p2wpkh,bc1qnk4zh9qcnap2mycp56qjrgza3cc8ylrh8fecp0,sweep-funding-tx,high,Pays bc1qnk4zh9qcnap2mycp56qjrgza3cc8ylrh8fecp0 (the sole address that directly funded the named consolidation address bc1qq85v2c926eg6pgxhwp6q7lf6cnsz80qs3fcu9r within the target block range) and is itself confirmed inside that same block range.,"tools/onchain/trace_cluster.py (mempool.space API, live query)"
ee25830e20ba4091a4382e6385dff793a1b7bef3c329ec4cde718292a47b923d,960191,000000000000000000003094b4c6bfd6caa47f12985b8b78a54c7524dd1bc606,2026-07-30T01:51:26+00:00,1,16606954,1,16603654,3300,30.206,v0_p2wpkh,v0_p2wpkh,bc1qnk4zh9qcnap2mycp56qjrgza3cc8ylrh8fecp0,sweep-funding-tx,high,Pays bc1qnk4zh9qcnap2mycp56qjrgza3cc8ylrh8fecp0 (the sole address that directly funded the named consolidation address bc1qq85v2c926eg6pgxhwp6q7lf6cnsz80qs3fcu9r within the target block range) and is itself confirmed inside that same block range.,"tools/onchain/trace_cluster.py (mempool.space API, live query)"
ef1611143705a11307f21ae72ee998d0f38e6684aa5d8b44c794993fe4c406b1,960191,000000000000000000003094b4c6bfd6caa47f12985b8b78a54c7524dd1bc606,2026-07-30T01:51:26+00:00,1,21450000,1,21446700,3300,30.206,v0_p2wpkh,v0_p2wpkh,bc1qnk4zh9qcnap2mycp56qjrgza3cc8ylrh8fecp0,sweep-funding-tx,high,Pays bc1qnk4zh9qcnap2mycp56qjrgza3cc8ylrh8fecp0 (the sole address that directly funded the named consolidation address bc1qq85v2c926eg6pgxhwp6q7lf6cnsz80qs3fcu9r within the target block range) and is itself confirmed inside that same block range.,"tools/onchain/trace_cluster.py (mempool.space API, live query)"
ef3653c25a5e1ec58812c05c1dc37445b30472f1bf96a4e2599ecd6aa4db3fca,960191,000000000000000000003094b4c6bfd6caa47f12985b8b78a54c7524dd1bc606,2026-07-30T01:51:26+00:00,1,19998000,1,19994700,3300,30.137,v0_p2wpkh,v0_p2wpkh,bc1qnk4zh9qcnap2mycp56qjrgza3cc8ylrh8fecp0,sweep-funding-tx,high,Pays bc1qnk4zh9qcnap2mycp56qjrgza3cc8ylrh8fecp0 (the sole address that directly funded the named consolidation address bc1qq85v2c926eg6pgxhwp6q7lf6cnsz80qs3fcu9r within the target block range) and is itself confirmed inside that same block range.,"tools/onchain/trace_cluster.py (mempool.space API, live query)"
f1f6138eb11a05d9c793ff792a1ee32a0e376b932af84462e65cb1a5666fe39b,960191,000000000000000000003094b4c6bfd6caa47f12985b8b78a54c7524dd1bc606,2026-07-30T01:51:26+00:00,1,24000000,1,23996700,3300,30.206,v0_p2wpkh,v0_p2wpkh,bc1qnk4zh9qcnap2mycp56qjrgza3cc8ylrh8fecp0,sweep-funding-tx,high,Pays bc1qnk4zh9qcnap2mycp56qjrgza3cc8ylrh8fecp0 (the sole address that directly funded the named consolidation address bc1qq85v2c926eg6pgxhwp6q7lf6cnsz80qs3fcu9r within the target block range) and is itself confirmed inside that same block range.,"tools/onchain/trace_cluster.py (mempool.space API, live query)"
f3977bcef536f1adccfaa8d8fd3375f4674f22026882e035cf88ac2793d53291,960191,000000000000000000003094b4c6bfd6caa47f12985b8b78a54c7524dd1bc606,2026-07-30T01:51:26+00:00,1,20673400,1,20670100,3300,30.137,v0_p2wpkh,v0_p2wpkh,bc1qnk4zh9qcnap2mycp56qjrgza3cc8ylrh8fecp0,sweep-funding-tx,high,Pays bc1qnk4zh9qcnap2mycp56qjrgza3cc8ylrh8fecp0 (the sole address that directly funded the named consolidation address bc1qq85v2c926eg6pgxhwp6q7lf6cnsz80qs3fcu9r within the target block range) and is itself confirmed inside that same block range.,"tools/onchain/trace_cluster.py (mempool.space API, live query)"
f3d74b1cb6eb07eab7fedbb967cedc7331b7852c495ff9f377473b2b36a34529,960191,000000000000000000003094b4c6bfd6caa47f12985b8b78a54c7524dd1bc606,2026-07-30T01:51:26+00:00,1,22779354,1,22776054,3300,30.206,v0_p2wpkh,v0_p2wpkh,bc1qnk4zh9qcnap2mycp56qjrgza3cc8ylrh8fecp0,sweep-funding-tx,high,Pays bc1qnk4zh9qcnap2mycp56qjrgza3cc8ylrh8fecp0 (the sole address that directly funded the named consolidation address bc1qq85v2c926eg6pgxhwp6q7lf6cnsz80qs3fcu9r within the target block range) and is itself confirmed inside that same block range.,"tools/onchain/trace_cluster.py (mempool.space API, live query)"
f5ea2cd7e00b493e52c81795fa09d5541e9a0f250e543857f623c1829d506d5a,960191,000000000000000000003094b4c6bfd6caa47f12985b8b78a54c7524dd1bc606,2026-07-30T01:51:26+00:00,1,19105096,1,19101796,3300,30.206,v0_p2wpkh,v0_p2wpkh,bc1qnk4zh9qcnap2mycp56qjrgza3cc8ylrh8fecp0,sweep-funding-tx,high,Pays bc1qnk4zh9qcnap2mycp56qjrgza3cc8ylrh8fecp0 (the sole address that directly funded the named consolidation address bc1qq85v2c926eg6pgxhwp6q7lf6cnsz80qs3fcu9r within the target block range) and is itself confirmed inside that same block range.,"tools/onchain/trace_cluster.py (mempool.space API, live query)"
f650607b241beea80773da579023a938c5b94925d746c4dd7fdcdeac50a8e7e7,960191,000000000000000000003094b4c6bfd6caa47f12985b8b78a54c7524dd1bc606,2026-07-30T01:51:26+00:00,1,21046246,1,21042946,3300,30.206,v0_p2wpkh,v0_p2wpkh,bc1qnk4zh9qcnap2mycp56qjrgza3cc8ylrh8fecp0,sweep-funding-tx,high,Pays bc1qnk4zh9qcnap2mycp56qjrgza3cc8ylrh8fecp0 (the sole address that directly funded the named consolidation address bc1qq85v2c926eg6pgxhwp6q7lf6cnsz80qs3fcu9r within the target block range) and is itself confirmed inside that same block range.,"tools/onchain/trace_cluster.py (mempool.space API, live query)"
f6fa4e867271d2e91ad99f6c14ad941e64518149a8752b9cfb613419057d6ce4,960191,000000000000000000003094b4c6bfd6caa47f12985b8b78a54c7524dd1bc606,2026-07-30T01:51:26+00:00,1,21549127,1,21545827,3300,30.206,v0_p2wpkh,v0_p2wpkh,bc1qnk4zh9qcnap2mycp56qjrgza3cc8ylrh8fecp0,sweep-funding-tx,high,Pays bc1qnk4zh9qcnap2mycp56qjrgza3cc8ylrh8fecp0 (the sole address that directly funded the named consolidation address bc1qq85v2c926eg6pgxhwp6q7lf6cnsz80qs3fcu9r within the target block range) and is itself confirmed inside that same block range.,"tools/onchain/trace_cluster.py (mempool.space API, live query)"
f700a2aa4e8712a8cd0072eaed98c92908424caef38916c699de88a07fe39f52,960191,000000000000000000003094b4c6bfd6caa47f12985b8b78a54c7524dd1bc606,2026-07-30T01:51:26+00:00,1,15993600,1,15990300,3300,30.206,v0_p2wpkh,v0_p2wpkh,bc1qnk4zh9qcnap2mycp56qjrgza3cc8ylrh8fecp0,sweep-funding-tx,high,Pays bc1qnk4zh9qcnap2mycp56qjrgza3cc8ylrh8fecp0 (the sole address that directly funded the named consolidation address bc1qq85v2c926eg6pgxhwp6q7lf6cnsz80qs3fcu9r within the target block range) and is itself confirmed inside that same block range.,"tools/onchain/trace_cluster.py (mempool.space API, live query)"
f87c5b947884d86e15a7562be912cef175dd9032455b0d4346b2025c6f4de9a7,960191,000000000000000000003094b4c6bfd6caa47f12985b8b78a54c7524dd1bc606,2026-07-30T01:51:26+00:00,1,17755152,1,17751852,3300,30.137,v0_p2wpkh,v0_p2wpkh,bc1qnk4zh9qcnap2mycp56qjrgza3cc8ylrh8fecp0,sweep-funding-tx,high,Pays bc1qnk4zh9qcnap2mycp56qjrgza3cc8ylrh8fecp0 (the sole address that directly funded the named consolidation address bc1qq85v2c926eg6pgxhwp6q7lf6cnsz80qs3fcu9r within the target block range) and is itself confirmed inside that same block range.,"tools/onchain/trace_cluster.py (mempool.space API, live query)"
fa22a90f389f67f6d3b442d25ab0d975aa229f974ef19046fa5745e51bd87660,960191,000000000000000000003094b4c6bfd6caa47f12985b8b78a54c7524dd1bc606,2026-07-30T01:51:26+00:00,1,23998000,1,23994700,3300,30.137,v0_p2wpkh,v0_p2wpkh,bc1qnk4zh9qcnap2mycp56qjrgza3cc8ylrh8fecp0,sweep-funding-tx,high,Pays bc1qnk4zh9qcnap2mycp56qjrgza3cc8ylrh8fecp0 (the sole address that directly funded the named consolidation address bc1qq85v2c926eg6pgxhwp6q7lf6cnsz80qs3fcu9r within the target block range) and is itself confirmed inside that same block range.,"tools/onchain/trace_cluster.py (mempool.space API, live query)"
fc5359e473d31fe667119d68af5fa247e4b630d7674284a288ee8eb93784821d,960191,000000000000000000003094b4c6bfd6caa47f12985b8b78a54c7524dd1bc606,2026-07-30T01:51:26+00:00,2,18516935,1,18511595,5340,30.169,v0_p2wpkh,v0_p2wpkh,bc1qnk4zh9qcnap2mycp56qjrgza3cc8ylrh8fecp0,sweep-funding-tx,high,Pays bc1qnk4zh9qcnap2mycp56qjrgza3cc8ylrh8fecp0 (the sole address that directly funded the named consolidation address bc1qq85v2c926eg6pgxhwp6q7lf6cnsz80qs3fcu9r within the target block range) and is itself confirmed inside that same block range.,"tools/onchain/trace_cluster.py (mempool.space API, live query)"
fe2eb6080fb08cd4a34ad5995cbb9aa30c4a3659604f60b9db0b89229f3caf9b,960191,000000000000000000003094b4c6bfd6caa47f12985b8b78a54c7524dd1bc606,2026-07-30T01:51:26+00:00,1,14999770,1,14996470,3300,30.206,v0_p2wpkh,v0_p2wpkh,bc1qnk4zh9qcnap2mycp56qjrgza3cc8ylrh8fecp0,sweep-funding-tx,high,Pays bc1qnk4zh9qcnap2mycp56qjrgza3cc8ylrh8fecp0 (the sole address that directly funded the named consolidation address bc1qq85v2c926eg6pgxhwp6q7lf6cnsz80qs3fcu9r within the target block range) and is itself confirmed inside that same block range.,"tools/onchain/trace_cluster.py (mempool.space API, live query)"
